organism,header_genome,mitogenome,Shortcut (renamed),tax_id,five_letter_code,default_location,header_mitogenome,assembly_location,assembly,mito_assembly_location,mito_assembly,
Ancoracysta twista,Ancoracysta,mitogenome_<genename>_Atwista,AncoTwis,2044563,ANCTW,u,Atwista,Transcriptome,https://www.ncbi.nlm.nih.gov/sra/SRR6175506,Mitogenome,https://www.ncbi.nlm.nih.gov/nuccore/NC_036491.1/,
Acanthamoeba castellanii*,Acanthamoeba,mitogenome_<genename>_Acastellanii,AcanCast,5755,ACACA,n,Acastellanii,Genome,https://academic.oup.com/mbe/article/38/3/788/5901548,,,
Mastigamoeba balamuthi,Mastigamoeba,,,108607,MASBA,n,,Genome,https://bioinformatics.psb.ugent.be/gdb/mastigamoeba/,,,
Cavenderia fasciculata,Cavenderia,mitogenome_<genename>_Dfasciculatum,CaveFasc,261658,CAVF2,n,Dfasciculatum,Genome,https://www.ncbi.nlm.nih.gov/data-hub/genome/GCF_000203815.1/,Mitogenome,https://www.ncbi.nlm.nih.gov/nuccore/NC_010653.1,
Dictyostelium discoideum,Ddiscoideum,mitogenome_<genename>_Ddiscoideum,DictDisc,44689,DICDI,n,Ddiscoideum*,Genome,https://www.ncbi.nlm.nih.gov/data-hub/genome/GCF_000004695.1/,Mitogenome,https://www.ncbi.nlm.nih.gov/nuccore/NC_000895.1,
Vermamoeba vermiformis,Vermamoeba,mitogenome_<genename>_Vermamoeba,VermVerm,5778,VERVE,u,Vermamoeba*,Transcriptome,https://www.ncbi.nlm.nih.gov/sra/SRR5396399,Mitogenome,https://www.ncbi.nlm.nih.gov/nuccore/KT185627.1/,
Cyanophora paradoxa,Cyanophora,mitogenome_<genename>_Cyanophora,CyanPara,2762,CYAPA,n,Cyanophora*,Genome,http://cyanophora.rutgers.edu/cyanophora_v2018/,Mitogenome,https://www.ncbi.nlm.nih.gov/nuccore/NC_017836.1,
Glaucocystis nostochinearum,Glaucocystis,mitogenome_<genename>_Glaucocystis,GlauNost,38271,GLANO,u,Glaucocystis*,Transcriptome,https://www.ncbi.nlm.nih.gov/biosample/?term=Glaucocystis%20nostochinearum,Mitogenome,https://www.ncbi.nlm.nih.gov/nuccore/NC_015117.1,
Picobiliphyte sp. MS584-11,Picobiliphyte,mitogenome_<genename>_Picobiliphyte,PicoMs58,1157699,PICS2,u,Picobiliphyte*,Genome,https://www.ncbi.nlm.nih.gov/sra/SRR068244,Mitogenome,https://www.ncbi.nlm.nih.gov/nuccore/MG202007.1,
Rhodelphis marinus,Rmarinus,mitogenome not available,RhodMari,2584957,RHOMA,u,,Transcriptome,https://datadryad.org/stash/dataset/doi:10.5061/dryad.tr6d8q2,,,
Porphyridium purpureum,Porphyra,(mitogenome does not contain ribosomal protein genes),PorpPurp,35688,PORPU,n,,Genome,http://porphyra.rutgers.edu/bindex.php,Mitogenome,https://www.ncbi.nlm.nih.gov/nuccore/MT483996.1,
Cyanidioschyzon merolae,Cyanidioschyzon,mitogenome_<genename>_Cyanidioschyzon,CyanMero,45157,CYAME,n,Cyanidioschyzon*,Genome,https://www.ncbi.nlm.nih.gov/data-hub/genome/GCF_000091205.1/,Mitogenome,https://www.ncbi.nlm.nih.gov/nuccore/NC_000887.3,
Galdieria sulphuraria,Galdieria,(mitogenome does not contain ribosomal protein genes),GaldSulp,130081,GALSU,n,,Genome,https://www.ncbi.nlm.nih.gov/data-hub/genome/GCF_000341285.1/,Mitogenome,https://www.ncbi.nlm.nih.gov/nuccore/NC_024666.1,
Chlamydomonas reinhardtii,Chlamydomonas,(mitogenome does not contain ribosomal protein genes),ChlaRein,3055,CHLRE,n,,Genome,https://www.ncbi.nlm.nih.gov/data-hub/genome/GCF_000002595.2/,Mitogenome,https://www.ncbi.nlm.nih.gov/nuccore/NC_001638.1,
Pycnococcus provasolii,Pycnococcus,mitogenome_<genename>_Pycnococcus,PycnProv,41880,PYCPR,n,Pycnococcus*,Genome,https://www.ncbi.nlm.nih.gov/data-hub/genome/GCA_015473125.1/,Mitogenome,https://www.ncbi.nlm.nih.gov/nuccore/GQ497137.1,
Chlorella variabilis,Chlorella,mitogenome_<genename>_Chlorella,ChloVari,554065,CHLVA,n,Chlorella*,Genome,https://www.ncbi.nlm.nih.gov/data-hub/genome/GCF_000147415.1/,Mitogenome,https://www.ncbi.nlm.nih.gov/nuccore/NC_025413.1,
Chara braunii,Chara,mitogenome_<genename>_Chara-brauni,CharBrau,69332,CHABU,n,Chara-brauni,Genome,https://www.ncbi.nlm.nih.gov/data-hub/genome/GCA_003427395.1/,Mitogenome,https://www.ncbi.nlm.nih.gov/nuccore/AP018556.1,
Arabidopsis thaliana*,Arabidopsis,mitogenome_<genename>_Athaliana,ArabThal,3702,ARATH,n,Athaliana,Genome,https://www.nature.com/articles/s41477-020-0631-5,Mitogenome,https://www.ncbi.nlm.nih.gov/nuccore/NC_037304.1,
Marchantia polymorpha,Marchantia,mitogenome_<genename>_Marchantia*_MK202951.1,MarcPoly,3197,MARPO,u,Marchantia*,Genome,https://www.ncbi.nlm.nih.gov/data-hub/genome/GCA_003032435.1/,Mitogenome,https://www.ncbi.nlm.nih.gov/nuccore/MK202951.1,
Nicotiana attenuata,Nattenuata,mitogenome_<genename>_Nicattenuata,NicoAtte,49451,NICAT,u,Nicattenuata,Genome,https://www.ncbi.nlm.nih.gov/data-hub/genome/GCF_001879085.1/,Mitogenome,https://www.ncbi.nlm.nih.gov/nuccore/NC_036467.1,
Nicotiana tabacum,Ntabacum,mitogenome_<genename>_Nictabacum,NicoTaba,4097,TOBAC,n,Nictabacum,Genome,https://www.ncbi.nlm.nih.gov/data-hub/genome/GCF_000715135.1/,Mitogenome,https://www.ncbi.nlm.nih.gov/nuccore/NC_006581.1,
Mesostigma viride,Mesostigma,mitogenome_<genename>_Mesostigma,MesoViri,41882,MESVI,u,Mesostigma*,Transcriptome,https://www.ncbi.nlm.nih.gov/sra/SRR1594255,Mitogenome,https://www.ncbi.nlm.nih.gov/nuccore/AF353999.1,
Diphylleia rotans,Diphylleia,mitogenome_<genename>_Diphylleia,DiphRota,190327,DIPRO,u,Diphylleia*,Transcriptome,https://www.ncbi.nlm.nih.gov/sra/SRR5997434,Mitogenome,https://www.ncbi.nlm.nih.gov/nuccore/NC_029886.1,
Rigifila ramosa,Rigifila,(mitogenome not sequenced),RigiRamo,1122280,RIGRA,u,,Transcriptome,https://www.ncbi.nlm.nih.gov/sra/SRR5997435,,,
Cryptomonas curvata,Cryptomonas,mitogenome_<genename>_Cryptomonas,CrypCurv,233186,CRYCU,u,Cryptomonas*,Transcriptome,https://www.ncbi.nlm.nih.gov/sra/?term=MMETSP1050,Mitogenome,https://www.ncbi.nlm.nih.gov/nuccore/NC_037454.1,
Goniomonas avonlea,Goniomonas,mitogenome_<genename>_Goniomonas,GoniAvon,1255295,GONAV,n,Goniomonas*,Genome,https://www.ncbi.nlm.nih.gov/nuccore/QUTJ00000000,Mitogenome,https://www.ncbi.nlm.nih.gov/nuccore/AP018919.1/,
Palpitomonas bilix,Palpitomonas,mitogenome_<genename>_Palpitomonas,PalpBili,652834,PALBI,u,Palpitomonas*,Transcriptome,https://www.ncbi.nlm.nih.gov/sra/SRR1294410,Mitogenome,https://www.ncbi.nlm.nih.gov/nuccore/AP017433.1/,
Euglena gracilis,EgracilisGEFR,(mitogenome does not contain ribosomal protein genes),EuglGrac,3039,EUGGR,n,,Transcriptome,https://www.ncbi.nlm.nih.gov/nuccore/GEFR00000000.1/,Mitogenome,https://www.ncbi.nlm.nih.gov/nuccore/LQMU00000000,
Euglena gracilis,EgracilisSRR,(mitogenome does not contain ribosomal protein genes),EuglGrac,3039,EUGGR,n,,Transcriptome,https://www.ncbi.nlm.nih.gov/nuccore/GDJR00000000.1/,Mitogenome,https://www.ncbi.nlm.nih.gov/nuccore/LQMU00000000,
Euglena gracilis,Egracilis,(mitogenome does not contain ribosomal protein genes),EuglGrac,3039,EUGGR,n,,Genome,https://academic.oup.com/mbe/article/38/3/788/5901548,,,
Euglena longa,Euglenalonga,(mitogenome does not contain ribosomal protein genes),EuglLong,3037,EUGLO,n,,Transcriptome,https://www.ncbi.nlm.nih.gov/nuccore/GGOE00000000.1/,,,
Trypanosoma brucei*,Trypanosoma,mitogenome_<genename>_Trypanosoma,TrypBruc,5691,TRYB2,n,Trypanosoma*,Genome,https://www.science.org/doi/full/10.1126/science.aau7735,,,
Naegleria fowleri,Nfowleri,mitogenome_<genename>_Nfowleri,NaegFowl,5763,NAEFO,n,Nfowleri*,Genome,https://www.ncbi.nlm.nih.gov/data-hub/genome/GCF_008403515.1/,Mitogenome,https://www.ncbi.nlm.nih.gov/nuccore/NC_021104,
Naegleria gruberi,Ngruberi,mitogenome_<genename>_Ngruberi,NaegGrub,5762,NAEGR,n,Ngruberi*,Genome,https://www.ncbi.nlm.nih.gov/data-hub/genome/GCF_000004985.1/,Mitogenome,https://www.ncbi.nlm.nih.gov/nuccore/NC_002573.1,
Naegleria gruberi,NgruberiMITOPRO,mitogenome_<genename>_Ngruberi,NaegGrub,5762,NAEGR,u,Ngruberi*,Mitoproteome,https://www.nature.com/articles/s41467-021-23046-7,Mitogenome,https://www.ncbi.nlm.nih.gov/nuccore/NC_002573.1,
Naegleria gruberi,NgruberiRNA,mitogenome_<genename>_Ngruberi,NaegGrub,5762,NAEGR,u,Ngruberi*,Transcriptome,https://www.ncbi.nlm.nih.gov/sra/ERR2215457,Mitogenome,https://www.ncbi.nlm.nih.gov/nuccore/NC_002573.1,
Naegleria lovaniensis,Nlovaniensis,(mitogenome does not contain predicted ribosomal protein genes),NaegLova,51637,NAELO,u,,Genome,https://www.ncbi.nlm.nih.gov/data-hub/genome/GCF_003324165.1/,Mitogenome,https://www.ncbi.nlm.nih.gov/nuccore/CM010401.2/,
Andalucia godoyi,Andalucia,mitogenome_<genename>_Andalucia,AndaGodo,505711,ANDGO,n,Andalucia*,Genome,https://academic.oup.com/mbe/article/38/3/788/5901548,Mitogenome,https://www.ncbi.nlm.nih.gov/nuccore/NC_021124.1,
Andalucia godoyi,AgodoyiRNA,,AndaGodo,505711,ANDGO,u,,Transcriptome,https://journals.plos.org/plosbiology/article?id=10.1371/journal.pbio.3001365,Mitogenome,https://www.ncbi.nlm.nih.gov/nuccore/NC_021124.1,
Reclinomonas americana,Reclinomonas,mitogenome_<genename>_Reclinomonas,ReclAmer,48483,RECAM,n,Reclinomonas*,Genome,https://academic.oup.com/mbe/article/38/3/788/5901548,Mitogenome,https://www.ncbi.nlm.nih.gov/nuccore/NC_001823.1,
Tsukubamonas globosa,Tsukubamonas,mitogenome_<genename>_tsukubamonas,TsukGlob,875863,TSUGL,u,tsukubamonas,Transcriptome,https://www.ncbi.nlm.nih.gov/sra/DRR014073,Mitogenome,https://www.ncbi.nlm.nih.gov/nuccore/NC_023545.1,
Raineriophrys erinaceoides,Raineriophrys,(mitogenome not sequenced),RainErin,299833,RAIER,u,,Transcriptome,https://www.ncbi.nlm.nih.gov/sra/SRR2170634,,,
Raphidiophrys heterophryoidea,Raphidiophrys,(mitogenome not sequenced),RaphHete,1703429,RAPHE,u,,Transcriptome,https://www.ncbi.nlm.nih.gov/sra/SRR2170621,,,
Chrysochromulina tobinii,Chrysochromulina,mitogenome_<genename>_ChrysochromCCMP291,ChryTobi,1460289,CHRTO,n,ChrysochromCCMP291,Genome,https://www.ncbi.nlm.nih.gov/data-hub/genome/GCA_001275005.1/,Mitogenome,https://www.ncbi.nlm.nih.gov/nuccore/KJ201908.1,
Emiliania (Gephyrocapsa) huxleyi,Emiliania,mitogenome_<genename>_Emiliania,EmilHuxl,2903,EMIHU,n,Emiliania*,Genome,https://www.ncbi.nlm.nih.gov/data-hub/genome/GCF_000372725.1/,Mitogenome,https://www.ncbi.nlm.nih.gov/nuccore/AY342361.1,
Hemimastix kukwesjijk,Hemimastix,(mitogenome not sequenced),HemiKukw,2027451,HEMKU,u,,Transcriptome,https://doi.org/10.5061/dryad.n5g39d7,,,
Gefionella okellyi,Gefionella,mitogenome_<genename>_Gefionella,GefiOkel,2853422,GEFOK,u,Gefionella*,Transcriptome,https://www.ncbi.nlm.nih.gov/sra/SRR5996795,Mitogenome,https://www.ncbi.nlm.nih.gov/nuccore/KP165390.1,
Malawimonas californiana,Malawimonascalif,mitogenome_<genename>_Mcaliforniana,MalaCali,221722,MALCL,u,Mcaliforniana,Transcriptome,https://www.ncbi.nlm.nih.gov/bioproject/12813,Mitogenome,https://www.ncbi.nlm.nih.gov/nuccore/NC_026311.1,
Malawimonas jakobiformis,Malawimonasjakob,mitogenome_<genename>_Mjakobiformis,MalaJako,136089,MALJA,u,Mjakobiformis,Transcriptome,https://www.ncbi.nlm.nih.gov/bioproject/12815,Mitogenome,https://www.ncbi.nlm.nih.gov/nuccore/NC_002553.1,
Giardia intestinalis,Giardia,,,5741,GIAIN,n,,Genome,https://www.ncbi.nlm.nih.gov/data-hub/genome/GCF_000002435.2/,,,
Trichomonas vaginalis,Trichomonas,,,5722,TRIVA,n,,Genome,http://trichdb.org/common/downloads/Current_Release/TvaginalisG3/fasta/data/,,,
Monocercomonoides exilis,Monocercomonoides,,,2049356,MONE2,n,,Genome,https://giardiadb.org,,,
Thecamonas trahens,Thecamonas,mitogenome_<genename>_Thecamonas,ThecTrah,529818,THETB,n,Thecamonas*,Genome,https://www.ncbi.nlm.nih.gov/data-hub/genome/GCF_000142905.1/,Mitogenome,https://www.ncbi.nlm.nih.gov/nuccore/NC_026452.1,
Pygsuia biforma,Pygsuia,,,1277256,PYGBI,u,,Transcriptome,https://www.ncbi.nlm.nih.gov/sra/SRR766063,,,
Allomyces macrogynus,Allomyces,mitogenome_<genename>_Allomyces,AlloMacr,28583,ALLMA,n,Allomyces*,Genome,https://www.ncbi.nlm.nih.gov/data-hub/genome/GCA_000151295.1/,Mitogenome,https://www.ncbi.nlm.nih.gov/nuccore/NC_001715.1,
Saccharomyces cerevisiae*,Saccharomyces,mitogenome_<genename>_Saccharomyces,SaccCere,4932,YEASX,n,Saccharomyces*,Genome,https://www.science.org/doi/full/10.1126/science.1249410,,,
Ustilago maydis,Ustilago,mitogenome_<genename>_Ustilago,UstiMayd,5270,USTMD,n,Ustilago*,Genome,https://www.ncbi.nlm.nih.gov/data-hub/genome/GCF_000328475.2/,Mitogenome,https://www.ncbi.nlm.nih.gov/nuccore/NC_008368.1,
Mitosporidium daphniae,Mitosporidium,(mitogenome not sequenced),MitoDaph,1485682,MITDA,n,,Genome,https://www.ncbi.nlm.nih.gov/data-hub/genome/GCF_000760515.2/,,,
Paramicrosporidium saccamoebae,Paramicrosporidium,mitogenome_<genename>_Paramicrosporidium,ParaSacc,1246581,PARS2,n,Paramicrosporidium*,Genome,https://www.ncbi.nlm.nih.gov/data-hub/genome/GCA_002794465.1/,Mitogenome,https://www.ncbi.nlm.nih.gov/nuccore/CM008827.1,
Rozella allomycis,Rozella,(mitogenome does not contain ribosomal protein genes),RozeAllo,281847,ROZAL,n,,Genome,https://www.ncbi.nlm.nih.gov/data-hub/genome/GCA_003614725.1/,Mitogenome,https://www.ncbi.nlm.nih.gov/nuccore/NC_021611.1,
Fonticula alba,Fonticula,mitogenome_<genename>_Fonticula,FontAlba,691883,FONAL,n,Fonticula*,Genome,https://www.ncbi.nlm.nih.gov/data-hub/genome/GCF_000388065.1/,Mitogenome,https://www.ncbi.nlm.nih.gov/data-hub/genome/GCF_000388065.1/,
Monosiga brevicollis,Monosiga,mitogenome_<genename>_Monosiga,MonoBrev,81824,MONBE,n,Monosiga*,Genome,https://www.ncbi.nlm.nih.gov/data-hub/genome/GCF_000002865.3/,Mitogenome,https://www.ncbi.nlm.nih.gov/nuccore/NC_004309.1,
Capsaspora owczarzaki,Capsaspora,mitogenome_<genename>_Capsaspora,CapsOwcz,192875,CAPOW,n,Capsaspora*,Genome,https://www.ncbi.nlm.nih.gov/data-hub/genome/GCF_000151315.2/,Mitogenome,https://www.ncbi.nlm.nih.gov/nuccore/KC573038.1,
Creolimax fragrantissima,Creolimax,(mitogenome separately not available on NCBI),CreoFrag,470921,CREFR,u,,Transcriptome,https://www.ncbi.nlm.nih.gov/sra/SRR2011332,,,
Sphaeroforma arctica,Sphaeroforma,(mitogenome separately not available on NCBI),SphaArct,72019,SPHAR,n,,Genome,https://www.ncbi.nlm.nih.gov/data-hub/genome/GCF_001186125.1/,,,
Homo sapiens*,Homo,(mitogenome does not contain ribosomal protein genes),HomoSapi,9606,HUMAN,n,,Genome,https://www.ncbi.nlm.nih.gov/data-hub/genome/GCF_000001405.40/,Mitogenome,https://www.ncbi.nlm.nih.gov/nuccore/NC_012920.1,
Cryptosporidium parvum,Cryptosporidium,,,5807,CRYPV,n,,Genome,https://www.ncbi.nlm.nih.gov/data-hub/genome/GCF_000165345.1/,,,
Gregarina niphandrodes,Gregarina,,,110365,GRENI,n,,Genome,https://www.ncbi.nlm.nih.gov/data-hub/genome/GCF_000223845.1/,,,
Plasmodium falciparum,Plasmodium,(mitogenome does not contain ribosomal protein genes),PlasFalc,5833,PLAFA,n,,Genome,https://www.ncbi.nlm.nih.gov/data-hub/genome/GCF_000002765.5/,Mitogenome,https://www.ncbi.nlm.nih.gov/nuccore/NC_037526.1,
Toxoplasma gondii*,Toxoplasma,(mitogenome does not contain ribosomal protein genes),ToxoGond,5811,TOXGO,n,,Genome,https://onlinelibrary.wiley.com/doi/full/10.1111/mmi.14357,Mitogenome,"fragmented, no ribosomal genes - Namasivayam et al. Bioarx",
Ichthyopthirius multifiliis,Ichtyopthirius,"mitogenome_Ichthyopthirius1,mitogenome_Ichthyopthirius2",IchtMult,5932,ICHMU,n,Ichthyopthirius1,Genome,https://www.ncbi.nlm.nih.gov/data-hub/genome/GCF_000220395.1/,Mitogenome,https://www.ncbi.nlm.nih.gov/nuccore/JN227086.1,
Ichthyopthirius multifiliis,Ichtyopthirius,"mitogenome_Ichthyopthirius1,mitogenome_Ichthyopthirius2",IchtMult,5932,ICHMU,n,Ichthyopthirius2,Genome,https://www.ncbi.nlm.nih.gov/data-hub/genome/GCF_000220395.1/,Mitogenome,https://www.ncbi.nlm.nih.gov/nuccore/JN227086.1,
Oxytricha trifallax,Oxytricha,mitogenome_<genename>_Oxytricha,OxytTrif,1172189,OXYT2,n,Oxytricha*,Genome,http://oxy.ciliate.org/index.php/home/downloads (PacBio 2020),Mitogenome,https://www.ncbi.nlm.nih.gov/nuccore/JN383843.1,
Paramecium tetraurelia,Paramecium,,ParaTetr,5888,PARTE,n,,Genome,https://www.ncbi.nlm.nih.gov/data-hub/genome/GCF_000165425.1/,,,
Paramecium caudatum,,mitogenome_<genename>_Paramecium,ParaTetr,5885,PARTE,m,Paramecium*,Genome,https://elifesciences.org/articles/59264,Mitogenome,https://www.ncbi.nlm.nih.gov/nuccore/NC_014262.1,
Tetrahymena thermophila*,Tetrahymena,mitogenome_<genename>_Ttermophyla,TetrTher,5911,TETTH,n,Ttermophyla,Genome,https://www.ncbi.nlm.nih.gov/data-hub/genome/GCF_000189635.1/,Mitogenome,https://www.ncbi.nlm.nih.gov/nuccore/NC_003029.1,
Chromera velia,Chromera,(mitogenome does not contain ribosomal protein genes),ChroVeli,505693,CHRVE,n,,Genome,https://cryptodb.org/common/downloads/Current_Release/CveliaCCMP2878/fasta/data/,Mitogenome,see table S2 in Flegontov et al. 2015,
Vitrella brassicaformis,Vitrella,(mitogenome does not contain ribosomal protein genes),VitrBras,1169539,VITBR,n,,Genome,https://cryptodb.org/common/downloads/Current_Release/VbrassicaformisCCMP3155/,Mitogenome,see Flegontov et al. 2015,
Symbiodinium natans,Symbiodinium,(mitogenome separately not available on NCBI),SymbNata,878477,SYMNA,u,,Genome,https://www.ncbi.nlm.nih.gov/data-hub/genome/GCA_905221605.1/,,,
Perkinsus marinus,Perkinsus,(mitogenome separately not available on NCBI),PerkMari,31276,PERM2,u,,Genome,https://www.ncbi.nlm.nih.gov/data-hub/genome/GCF_000006405.1/,,,
Bigelowiella natans,Bigelowiella,mitogenome_<genename>_Bigelowiella,BigeNata,227086,BIGNA,n,Bigelowiella*,Genome,https://www.ncbi.nlm.nih.gov/data-hub/genome/GCF_000002455.1/,Mitogenome,https://www.ncbi.nlm.nih.gov/nuccore/HQ840955.1,
Plasmodiophora brassicae,Plasmodiophora,mitogenome_<genename>_Plasmodiophora,PlasBras,37360,PLABS,n,Plasmodiophora*,Genome,https://www.ncbi.nlm.nih.gov/data-hub/genome/GCA_001049375.1/,Mitogenome,https://www.ncbi.nlm.nih.gov/nuccore/LS992577.1,
Reticulomyxa filosa,Reticulomyxa,(mitogenome separately not available on NCBI),RetiFilo,46433,RETFI,u,,Genome,https://www.ncbi.nlm.nih.gov/data-hub/genome/GCA_000512085.1/,,,
Blastocystis sp. NandII,Blastocystis,mitogenome_<genename>_BlastNand,BlasNand,478820,BLAHN,n,BlastNand,Genome,https://www.ncbi.nlm.nih.gov/data-hub/genome/GCA_001651215.1/,Mitogenome,https://www.ncbi.nlm.nih.gov/nuccore/NC_011213.1,
Cafeteria roenbergensis,Cafeteria,mitogenome_<genename>_Cafeteria,CafeRoen,33653,CAFRO,u,Cafeteria,Genome,https://www.ncbi.nlm.nih.gov/data-hub/genome/GCA_008330645.1/,Mitogenome,https://www.ncbi.nlm.nih.gov/nuccore/NC_000946.1,
Phaeodactylum tricornutum,Phaeodactylu,mitogenome_<genename>_Phaeodactylum,PhaeTric,556484,PHATC,n,Phaeodactylum,Genome,https://www.ncbi.nlm.nih.gov/data-hub/genome/GCF_000150955.2/,Mitogenome,https://www.ncbi.nlm.nih.gov/nuccore/MN956530.1,
Thalassiosira pseudonana,Thalassiosira,mitogenome_<genename>_Thalassiosira,ThalPseu,35128,THAPS,n,Thalassiosira*,Genome,https://www.ncbi.nlm.nih.gov/data-hub/genome/GCF_000149405.2/,Mitogenome,https://www.ncbi.nlm.nih.gov/nuccore/DQ186202.1,
Chattonella subsalsa,Chattonella,,ChatMari,44439,CHAM2,u,,Transcriptome,https://www.ncbi.nlm.nih.gov/sra/?term=MMETSP0947,,,
Chattonella marina,,mitogenome_<genename>_Chattonella,ChatMari,44439,CHAM2,m,Chattonella*,,,Mitogenome,https://www.ncbi.nlm.nih.gov/nuccore/NC_013837.1,
Phytophthora infestans,Phytophthora,mitogenome_<genename>_Phytophthora,PhytInfe,4787,PHYIN,n,Phytophthora*,Genome,https://www.ncbi.nlm.nih.gov/data-hub/genome/GCA_012295175.1/,Mitogenome,https://www.ncbi.nlm.nih.gov/nuccore/MH286886.1,
Acanthamoeba polyphaga,,mitogenome_<genename>_Apolyphaga,AcanpPoly,5757,ACAPO,m,Apolyphaga,,,Mitogenome,https://www.ncbi.nlm.nih.gov/nuccore/KP054475.2,
Dictyostelium citrinum,,mitogenome_<genename>_Dcitrinum,DictCitr,361072,DICCI,m,Dcitrinum,,,Mitogenome,https://www.ncbi.nlm.nih.gov/nuccore/DQ336395.4,
Heterostelium pallidum,,mitogenome_<genename>_Polysphondylium,HetePall,13642,HETPA,m,Polysphondylium,,,Mitogenome,https://www.ncbi.nlm.nih.gov/nuccore/AY700145.1,
Hartmannella,,mitogenome_<genename>_Hartmannella,Hartmann,5778,VERVE,m,Hartmannella,,,Mitogenome,https://www.ncbi.nlm.nih.gov/nuccore/GU828005.1,
Porphyra umbilicalis,,mitogenome_<genename>_Pumbilicalis,PorpUmbi,2786,PORUM,m,Pumbilicalis,,,Mitogenome,https://www.ncbi.nlm.nih.gov/nuccore/NC_018544.1,
Nephroselmis olivacea,,mitogenome_<genename>_Nephroselmis,NephOliv,31312,NEPOL,m,Nephroselmis,,,Mitogenome,https://www.ncbi.nlm.nih.gov/nuccore/AF110138.1,
Prototheca wickerhamii,,mitogenome_<genename>_Protwickerhamii,ProtWick,3111,PROWI,m,Protwickerhamii,,,Mitogenome,https://www.ncbi.nlm.nih.gov/nuccore/NC_001613.1,
Prototheca zopfii,,mitogenome_<genename>_Protzopfii,ProtZopf,3112,PROZO,m,Protzopfii,,,Mitogenome,https://www.ncbi.nlm.nih.gov/nuccore/NC_045058.1,
Chara vulgaris,,mitogenome_<genename>_Chara-vulgaris,CharVulg,55564,CHAVU,m,Chara-vulgaris,,,Mitogenome,https://www.ncbi.nlm.nih.gov/nuccore/AY267353.1,
Marchantia paleacea,,mitogenome_<genename>_Mpaleacea,Mpaleacea,56867,MARPA,m,Mpaleacea,,,Mitogenome,https://www.ncbi.nlm.nih.gov/nuccore/NC_001660.1,
Rhodomonas salina,,mitogenome_<genename>_Rhodomonas,RhodSali,52970,RHDSA,m,Rhodomonas,,,Mitogenome,https://www.ncbi.nlm.nih.gov/nuccore/NC_002572.1,
Leucocryptos marina,,mitogenome_<genename>_Leucocryptos,LeucMari,299206,LEUMA,m,Leucocryptos,,,Mitogenome,https://www.ncbi.nlm.nih.gov/nuccore/LC515368.1,
Acrasis kona,,mitogenome_<genename>_Acrasis,AcraKona,1008807,ACRKO,m,Acrasis,,,Mitogenome,https://www.ncbi.nlm.nih.gov/nuccore/NC_026286.1,
Heterolobosea sp. BB2,,mitogenome_<genename>_EukBB2,HeteBB2,1239300,HETBB,m,EukBB2,,,Mitogenome,https://www.ncbi.nlm.nih.gov/nuccore/NC_034794.1,
Histiona aroides,,mitogenome_<genename>_Histiona,HistAroi,392300,HISAR,m,Histiona,,,Mitogenome,https://www.ncbi.nlm.nih.gov/nuccore/NC_021125.1,
Jakoba libera,,mitogenome_<genename>_JakoLibe,JakoLibe,143017,JAKLI,m,JakoLibe,,,Mitogenome,https://www.ncbi.nlm.nih.gov/nuccore/KC353355.1,
Seculamonas ecuadoriensis,,mitogenome_<genename>_SecuEqua,SecuEcua,221724,SECEC,m,SecuEqua,,,Mitogenome,https://www.ncbi.nlm.nih.gov/nuccore/NC_021128.1,
Chrysochromulina parva,,mitogenome_<genename>_Chrysochromparva,ChryParv,127563,CHRP2,m,Chrysochromparva,,,Mitogenome,https://www.ncbi.nlm.nih.gov/nuccore/NC_036938.1,
Nuclearia simplex,,mitogenome_<genename>_Nuclearia,NuclSimp,154970,NUCSI,m,Nuclearia,,,Mitogenome,https://www.ncbi.nlm.nih.gov/nuccore/NC_020369.1,
Euplotes minuta,,mitogenome_<genename>_Euplotes,EuplMinu,74792,EUPM2,m,Euplotes,,,Mitogenome,https://www.ncbi.nlm.nih.gov/nuccore/GQ903130.1,
Nyctotherus ovalis,,mitogenome_<genename>_Nyctotherus,NyctOval,70075,NYCOV,m,Nyctotherus,,,Mitogenome,https://www.ncbi.nlm.nih.gov/nuccore/GU057832.1,
Tetrahymena malaccensis,,mitogenome_<genename>_Tmalaccensis,TetrMala,5901,TETMA,m,Tmalaccensis,,,Mitogenome,https://www.ncbi.nlm.nih.gov/nuccore/NC_008337.1,
Tetrahymena paravorax,,mitogenome_<genename>_Tparavorax,TetrPara,5905,TETPR,m,Tparavorax,,,Mitogenome,https://www.ncbi.nlm.nih.gov/nuccore/NC_008338.1,
Tetrahymena pigmentosa,,mitogenome_<genename>_Tpigmentosa,TetrPigm,5907,TETPI,m,Tpigmentosa,,,Mitogenome,https://www.ncbi.nlm.nih.gov/nuccore/NC_008339.1,
Acavomonas peruviana,,mitogenome_<genename>_Acavperu,Acavperu,1542312,ACAPE,m,Acavperu,,,Mitogenome,https://www.ncbi.nlm.nih.gov/nuccore/KF651061.1,
Colponema vietnamica,,mitogenome_<genename>_Colpviet,ColpViet,1492817,COLV2,m,Colpviet,,,Mitogenome,https://www.ncbi.nlm.nih.gov/nuccore/MG202006.1,
Paracercomonas marina,,mitogenome_<genename>_Paracercomonas,ParaMari,372086,PARM2,m,Paracercomonas,,,Mitogenome,https://www.ncbi.nlm.nih.gov/nuccore/NC_026310.1,
Blastocystis sp. DMP,,mitogenome_<genename>_BlastDMP,BlasDMP,12967,BLADM,m,BlastDMP,,,Mitogenome,https://www.ncbi.nlm.nih.gov/nuccore/NC_011212.1,
Blastocystis sp. ST4,,mitogenome_<genename>_BlastST4,BlasST4,12967,BLAST,m,BlastST4,,,Mitogenome,https://www.ncbi.nlm.nih.gov/nuccore/NC_027962.1,
Sargassum fluitans,,mitogenome_<genename>_Sargassum,SargFlui,143163,SARF2,m,Sargassum,,,Mitogenome,https://www.ncbi.nlm.nih.gov/nuccore/NC_033385.1,
Pseudoperonospora cubensis,,mitogenome_<genename>_Pscubensis,PseuCuben,143453,PSECC,m,Pscubensis,,,Mitogenome,https://www.ncbi.nlm.nih.gov/nuccore/NC_027859.1,
Pseudoperonospora humuli,,mitogenome_<genename>_Pshumuli,PseuHumu,162120,PSEH2,m,Pshumuli,,,Mitogenome,https://www.ncbi.nlm.nih.gov/nuccore/NC_042478.1,
Telonemia sp.,,mitogenome_<genename>_MN082145,TeloSp,660925,TELSP,m,MN082145,,,Mitogenome,https://www.ncbi.nlm.nih.gov/nuccore/MN082145.1,
Rhyzophidium sp.,,(mitogenome does not contain ribosomal protein genes),RhyzSp,60186,RHYSP,u,,,,Mitogenome,https://www.ncbi.nlm.nih.gov/nuccore/AF404306.1,
Chlorokybus atmophyticus,,mitogenome_<genename>_Chlorokybus,ChloAtmo,3144,CHLAT,m,Chlorokybus,,,Mitogenome,https://www.ncbi.nlm.nih.gov/nuccore/NC_009630.1,
,,,,,,,,,,,,
