header_genome,header_mitogenome,organism,uL01m,uL02m,uL03m,uL04m,uL05m,uL06m,bL07m,bL09m,uL10m,uL11m,uL13m,uL14m,uL15m,uL16m,bL17m,uL18m,bL19m,bL20m,bL21m,uL22m,uL23m,uL24m,bL25m,bL27m,bL28m,uL29m,uL30m,bL31m,bL32m,bL33m,bL34m,bL35m,bL36m,mL38,mL40,mL41,mL42,mL43,mL44,mL45,mL46,mL49,mL50,mL52,mL53,mL54,mL59,mL60,mL61,mL73,mL80,mL84,mL87,bS01m,uS02m,uS03m,uS04m,uS05m,bS06m,uS07m,uS08m,uS09m,uS10m,uS11m,uS12m,uS13m,uS14m,uS15m,bS16m,uS17m,bS18m,uS19m,bS21m,mS22,mS23,mS26,mS27,mS29,mS31,mS33,mS34,mS35,mS37,mS38,mS41,mS42,mS43,mS44,mS47,mS49,mS56,mS60,mS63,mS67
Ancoracysta,Atwista,Ancoracysta twista,yes,yes_mt,yes,yes,yes_mt,yes_mt,yes,yes,yes,yes_mt/nuc,yes,yes_mt,yes,yes_mt,yes,no,yes_mt,yes_mt,yes,yes,yes,yes,no,yes_mt,yes,yes,no,yes_mt,yes_mt,no,yes,yes,no,no,yes,no,no,yes,no,yes,yes,no,no,no,yes,yes,no,no,yes,no,no,no,no,yes_mt,yes_mt,yes_mt,yes_mt,yes,yes,yes_mt,yes_mt,yes,yes_mt,yes_mt,yes_mt,yes_mt,yes_mt,yes,no,no,yes,yes_mt,no,yes,no,no,no,no,no,no,no,yes,yes,yes,yes,no,no,no,no,no,no,no,no,no
Acanthamoeba,Acastellanii,Acanthamoeba castellanii,no,yes_mt,yes,yes,yes_mt,yes_mt,yes,yes,no,yes_mt,yes,yes_mt,yes,yes_mt,yes,no,yes,yes,yes,yes,yes,yes,yes,yes,yes,yes,yes,no,yes,yes,yes,no,yes,yes,yes,yes,no,yes,no,no,yes,yes,no,yes,yes,yes,no,no,yes,no,no,no,no,no,yes_mt,yes_mt,yes_mt,yes,no,yes_mt,yes_mt,yes,yes,yes_mt,yes_mt,yes_mt,yes_mt,no,yes,yes,yes,yes_mt,no,no,yes,yes,no,yes,no,yes,yes,yes,no,yes,yes,no,no,no,no,no,no,no,no,no
Mastigamoeba,,Mastigamoeba balamuthi,no,no,no,no,no,no,no,no,no,no,no,no,no,no,no,no,no,no,no,no,no,no,no,no,no,no,no,no,no,no,no,no,no,no,no,no,no,no,no,no,no,no,no,no,no,no,no,no,no,no,no,no,no,no,no,no,no,no,no,no,no,no,no,no,no,no,no,no,no,no,no,no,no,no,no,no,no,no,no,no,no,no,no,no,no,no,no,no,no,no,no,no,no,no
Cavenderia,Dfasciculatum,Cavenderia fasciculata,no,yes_mt,yes,yes,yes_mt,yes_mt,yes,yes,no,yes_mt,yes,yes_mt,yes,yes_mt,yes,no,no,yes,yes,yes,yes,yes,no,yes,yes,yes,yes,no,yes,yes,no,no,no,no,yes,yes,no,yes,no,yes,yes,yes,no,yes,yes,yes,no,no,yes,no,no,no,no,no,yes_mt,yes_mt,yes_mt,yes,no,yes_mt,yes_mt,yes,yes,yes_mt,yes_mt,yes_mt,yes_mt,yes,no,yes,yes,yes_mt,no,yes,no,no,no,yes,no,yes,yes,yes,no,yes,yes,yes,no,no,no,no,no,no,no,no
Ddiscoideum,Ddiscoideum*,Dictyostelium discoideum,no,yes_mt,yes,yes,yes_mt,yes_mt,yes,yes,no,yes_mt,yes,yes_mt,yes,yes_mt,yes,no,no,yes,yes,yes,yes,yes,no,yes,yes,yes,yes,no,yes,yes,yes,no,yes,no,no,yes,no,yes,no,yes,yes,yes,no,yes,yes,yes,no,no,yes,no,no,no,no,no,yes_mt,yes,yes_mt,yes,no,yes_mt,yes_mt,yes,yes,yes_mt,yes_mt,yes_mt,yes_mt,yes,no,yes,yes,yes_mt,no,yes,no,no,no,yes,no,yes,yes,yes,yes,yes,yes,yes,no,no,no,no,no,no,no,no
Vermamoeba,Vermamoeba*,Vermamoeba vermiformis,no,yes_mt,yes,yes,no,yes_mt,yes,yes,no,yes_mt/nuc,yes,yes_mt,yes,yes_mt,yes,no,yes_mt,yes,yes,yes,yes,yes,no,yes,yes,yes,no,no,yes,no,yes,yes,no,yes,yes,yes,no,yes,no,yes,yes,yes,no,yes,yes,no,yes,no,yes,no,no,no,no,no,yes_mt,yes_mt,yes_mt,yes,no,yes_mt,yes_mt,yes,yes,yes_mt/nuc,yes_mt,yes_mt,yes_mt,yes,yes_mt,yes,yes,yes_mt,no,yes,yes,no,no,yes,no,yes,yes,yes,no,yes,yes,no,no,no,no,no,no,no,no,no
Cyanophora,Cyanophora*,Cyanophora paradoxa,no,yes_mt,no,no,yes_mt,yes_mt,no,no,no,no,no,yes_mt,no,yes_mt,no,no,no,no,no,no,no,no,no,no,no,no,no,no,no,no,yes,no,no,no,no,no,no,no,no,no,no,no,no,no,no,no,no,no,no,no,no,no,no,no,no,yes_mt,yes_mt,no,no,yes_mt,no,no,yes_mt,yes_mt,yes_mt,yes_mt,no,yes,no,no,no,yes_mt,no,no,no,no,no,yes,no,no,no,no,no,no,no,no,no,no,no,no,no,no,no,no
Glaucocystis,Glaucocystis*,Glaucocystis nostochinearum,no,yes_mt,no,yes,yes_mt,yes_mt,yes,yes,no,no,no,no,no,yes_mt,no,no,no,yes,yes,yes,no,no,no,no,no,yes,no,no,no,no,yes,no,no,no,no,no,no,no,no,no,no,no,no,no,no,yes,no,no,no,no,no,no,no,no,no,yes_mt,no,no,no,yes_mt,no,yes,yes_mt,yes_mt,yes_mt,yes_mt,no,yes,yes,no,no,yes_mt,no,no,no,no,no,no,no,no,no,no,no,no,no,no,no,no,no,no,no,no,no,no
Picobiliphyte,Picobiliphyte*,Picobiliphyte sp. MS584-11,no,yes,no,no,yes_mt,yes_mt,no,no,no,yes,no,yes_mt,no,yes_mt,no,no,no,yes,yes,no,no,no,no,yes,no,no,no,no,no,no,no,no,no,no,no,no,no,no,no,no,no,no,no,no,no,no,no,no,no,no,no,no,no,yes_mt,yes_mt,yes_mt,yes_mt,no,no,yes_mt,yes_mt,yes,no,no,yes_mt,yes_mt,yes_mt,no,no,no,no,yes_mt,no,no,no,no,no,no,no,no,yes,no,no,no,no,no,no,no,no,no,no,no,no,no
Rmarinus,,Rhodelphis marinus,yes,yes,yes,yes,no,yes,yes,yes,yes,yes,yes,yes,yes,no,yes,no,yes,yes,yes,yes,yes,yes,no,no,yes,yes,no,no,yes,no,yes,no,no,no,yes,yes,no,yes,no,no,yes,yes,no,no,yes,yes,no,no,no,no,no,no,no,no,no,yes,no,yes,yes,no,yes,yes,no,yes,yes,no,no,yes,yes,no,yes,no,no,yes,yes,no,no,yes,no,no,no,no,no,no,yes,no,no,no,no,no,no,no,no,no
Porphyra,,Porphyridium purpureum,yes,yes,yes,yes,no,yes,yes,no,no,yes,yes,yes,yes,yes,yes,yes,yes,no,yes,yes,yes,yes,no,yes,yes,yes,no,no,yes,yes,no,yes,yes,no,yes,yes,no,yes,no,yes,yes,yes,no,no,yes,yes,no,yes,no,no,no,no,no,no,yes,no,yes,yes,yes,yes,yes,yes,yes,no,yes,yes,yes,yes,yes,yes,yes,yes,no,yes,yes,no,no,yes,no,yes,no,no,yes,yes,no,no,no,no,no,no,no,no,no,no
Cyanidioschyzon,Cyanidioschyzon*,Cyanidioschyzon merolae,yes,yes,yes,yes,yes_mt,yes_mt,yes,no,no,yes,yes,yes_mt,yes,yes_mt,yes,no,yes,yes_mt,yes,yes,yes,yes,no,yes,yes,yes,yes,no,yes,yes,no,yes,yes,no,no,yes,no,yes,no,no,yes,yes,no,no,yes,no,yes,no,no,no,no,no,no,yes,yes,yes_mt,yes_mt,yes,yes,yes,yes_mt,yes,yes,yes_mt,yes_mt,no,yes_mt,yes,yes,yes,yes,no,yes,yes,yes,no,no,yes,no,no,yes,yes,no,yes,no,no,no,no,no,no,no,no,no,no
Galdieria,,Galdieria sulphuraria,yes,yes,yes,yes,yes,yes,yes,no,yes,yes,yes,no,yes,no,yes,yes,yes,yes,yes,yes,yes,yes,no,yes,yes,yes,yes,no,yes,yes,no,no,no,no,yes,yes,no,yes,no,yes,yes,yes,no,no,yes,yes,yes,no,no,no,no,no,no,yes,yes,yes,no,yes,yes,yes,yes,yes,no,yes,yes,no,no,yes,yes,yes,yes,no,no,yes,yes,no,no,yes,no,no,yes,no,yes,yes,yes,no,no,no,no,no,no,no,no,no
Chlamydomonas,,Chlamydomonas reinhardtii,yes,yes,yes,yes,yes #,yes #,yes,yes #,yes #,yes,yes,yes,yes,yes,yes,no,yes,yes,yes,yes,yes,yes,yes #,yes,yes,yes,yes,no,yes,yes,yes #,yes #,yes,no,yes,yes,no,yes,no,yes,yes,no,no,no,yes,yes,yes #,yes,no,no,yes #,no,yes #,yes,yes,yes #,yes #,yes,yes,yes,yes #,yes,yes #,yes,yes,yes,yes,yes,yes #,yes,yes,yes,yes,yes #,yes #,yes #,no,yes,yes #,yes #,yes,yes #,no,yes,no,no,no,no,no,no,no,no,no,no
Pycnococcus,Pycnococcus*,Pycnococcus provasolii,yes,yes,yes,yes,yes,yes,yes,yes,no,yes,yes,yes,yes,yes,yes,no,yes,no,yes,yes,yes,yes,no,yes,yes,yes,yes,yes,no,no,yes,yes,no,no,yes,yes,no,yes,no,yes,yes,no,no,no,yes,yes,no,no,no,no,no,no,no,yes,yes,yes_mt,yes_mt,yes,yes,yes,no,yes,no,yes,yes_mt,yes,no,yes,yes,yes,yes,no,yes,yes,no,yes,no,yes,no,yes,no,yes,yes,yes,no,no,no,no,no,no,no,no,no,no
Chlorella,Chlorella*,Chlorella variabilis,yes,yes,yes,yes,yes_mt,yes_mt,yes,yes,no,no,yes,yes,yes,yes_mt,yes,yes,yes,yes,yes,yes,no,yes,no,yes,yes,yes,yes,no,no,yes,yes,no,yes,no,yes,yes,no,yes,no,yes,yes,no,no,no,yes,yes,no,no,no,no,no,no,no,yes,yes_mt,yes_mt,yes_mt,yes,yes,yes_mt/nuc,no,yes,yes_mt,yes_mt,yes_mt,yes_mt,yes_mt,yes,yes,yes,yes,yes_mt,yes,yes,yes,yes,no,yes,no,yes,yes,yes,yes,no,no,no,no,no,no,no,no,no,no,no
Chara,Chara-brauni,Chara braunii,yes,yes_mt,yes,yes,yes_mt,yes_mt,yes,yes,no,yes,yes,yes_mt,yes,yes_mt,yes,yes,yes,yes,yes,yes,no,yes,no,yes,yes,yes,no,no,yes,no,yes,no,yes,no,yes,yes,no,no,no,yes,yes,no,no,no,no,yes,yes,no,no,no,no,no,no,yes_mt,yes_mt,yes_mt,yes_mt,yes,yes,yes_mt,no,yes,yes_mt,yes_mt,yes_mt,no,yes_mt,yes,yes,yes,yes,yes_mt,no,yes,yes,yes,no,yes,no,no,yes,yes,yes,yes,no,no,no,no,no,no,no,no,no,no
Arabidopsis,Athaliana,Arabidopsis thaliana,yes,yes_mt/nuc,yes,yes,yes_mt/nuc,yes,yes,yes,no,yes,yes,yes,yes,yes_mt,yes,yes,yes,yes,yes,yes,yes,yes,yes,yes,yes,yes,yes,yes,yes,yes,yes,yes,yes,no,yes,yes,no,yes,no,yes,yes,no,no,no,yes,yes,yes,yes,no,no,yes,no,yes,no,yes,yes_mt,yes_mt/nuc,yes,yes,yes_mt,no,yes,yes,yes,yes,yes,yes,yes,yes,yes,yes,yes,yes,yes,yes,yes,no,yes,yes #,yes,yes,yes,yes,yes,yes,no,no,no,yes,no,no,no,no,no
Marchantia,Marchantia*,Marchantia polymorpha,yes,yes_mt,yes,yes,yes_mt,yes_u,yes,yes,yes_mt,yes,yes,yes,yes,yes_mt/u,yes,yes,yes,yes,yes,yes,yes,yes,yes,yes,yes,yes,yes,no,yes,yes,yes,yes,yes,no,no,yes,no,yes,no,yes,yes,no,no,no,yes,yes,yes,yes,no,no,yes,no,yes,yes_mt/nuc,yes_mt,yes_mt,yes_mt/u,yes,yes,yes_mt,yes_mt,yes,yes_mt,yes_mt/u,yes_mt,yes_u,yes_mt,yes,yes,yes,yes,yes_mt,yes,yes,yes,yes,no,yes,no,yes,yes,yes,yes,yes,yes,no,no,no,no,no,no,no,no,no
Nattenuata,Nicattenuata,Nicotiana attenuata,yes,yes_mt/nuc,yes,yes,yes_mt,yes,yes,yes,yes_mt,yes,yes,yes,yes,yes_mt,yes,yes,yes,yes,yes,yes,yes,yes,yes,yes,yes,yes,yes,yes,yes,yes,yes,yes,yes,no,yes,yes,no,yes,no,yes,yes,no,no,no,yes,yes,yes,yes,no,no,yes,no,yes,yes_mt/nuc,yes,yes_mt,yes_mt/nuc,yes,yes,no,no,yes,yes_mt,yes,yes_mt,yes_mt,yes_mt,yes,yes,yes,yes,yes_mt,yes,yes,yes,yes,no,yes,no,yes,yes,yes,yes,yes,yes,no,no,no,yes,no,no,no,no,no
Ntabacum,Nictabacum,Nicotiana tabacum,yes,yes_mt/nuc,yes,yes,yes_mt/nuc,yes,yes,yes,yes,yes,yes,yes,yes,yes_mt,yes,yes,yes,yes,yes,yes,yes,yes,yes,yes,yes,yes,yes,no,yes,yes,yes,yes,yes,no,yes,yes,no,yes,no,yes,yes,no,no,no,yes,yes,yes,yes,no,no,yes,no,yes,yes_mt/nuc,yes,yes_mt,yes_mt/nuc,yes,yes,no,no,yes,yes_mt,yes,yes_mt,yes_mt,yes_mt,yes,yes,yes,yes,yes_mt,yes,yes,yes,yes,no,yes,no,no,yes,yes,yes,yes,yes,no,no,no,yes,no,no,no,no,no
Mesostigma,Mesostigma*,Mesostigma viride,yes,yes,no,yes,yes_mt,yes_mt,yes,yes,no,yes,yes,yes_mt,yes,yes_mt,yes,yes,yes,yes,yes,yes,no,yes,yes,yes,yes,yes,no,no,yes,no,yes,yes,no,no,yes,no,no,yes,no,yes,yes,no,no,no,yes,yes,no,no,no,no,no,no,no,yes_mt,yes_mt,yes_mt,yes_mt/nuc,yes,yes,yes_mt,no,yes,yes_mt,yes_mt,yes_mt,yes_mt,yes_mt,yes,yes,yes,yes,yes_mt,no,yes,no,no,no,yes,no,yes,yes,yes,no,yes,no,no,no,no,no,no,no,no,no,no
Diphylleia,Diphylleia*,Diphylleia rotans,yes,yes_mt,yes,yes,yes_mt,yes_mt,yes,yes,no,yes_mt,yes,yes_mt,yes,yes_mt,yes,no,no,yes_mt,yes,yes,yes_mt,yes,no,yes,yes,yes,no,yes_mt,yes_mt,no,yes_mt,no,yes,no,yes,yes,no,yes,no,yes,yes,yes,no,no,yes,yes,yes,no,yes,no,no,no,no,no,yes_mt,yes_mt,yes_mt,yes,no,yes_mt,yes_mt,yes,yes_mt,yes_mt,yes_mt,yes_mt,yes_mt,no,yes,yes,yes,yes_mt,yes,yes,yes,no,no,no,no,yes,no,yes,yes,yes,no,no,no,no,no,no,no,no,no,no
Rigifila,,Rigifila ramosa,no,no,no,no,no,no,yes,no,no,no,no,no,no,no,no,no,no,no,no,no,no,no,no,no,yes,yes,no,no,no,no,no,no,no,no,no,no,no,yes,no,no,yes,no,no,no,no,no,no,no,no,no,no,no,no,no,no,no,no,no,no,no,no,no,no,no,no,no,no,yes,yes,no,no,no,no,no,no,no,no,no,no,yes,no,no,no,no,no,no,no,no,no,no,no,no,no,no
Cryptomonas,Cryptomonas*,Cryptomonas curvata,yes,yes,yes,yes,yes_mt,yes_mt,yes,yes,no,yes,yes,yes_mt,yes,yes_mt,yes,no,yes,yes,yes,yes,yes,yes,no,yes,yes,yes,no,yes_mt,yes,yes,yes,no,yes,no,yes,yes,no,yes,no,yes,yes,yes,no,no,yes,yes,yes,no,no,no,no,no,no,yes_mt,yes_mt,yes_mt,yes_mt,yes,yes,yes_mt,yes_mt,yes,yes,yes_mt,yes_mt,yes_mt,yes_mt,yes,yes,yes,yes,yes_mt,yes,yes,yes,no,no,yes,no,yes,yes,yes,yes,yes,no,no,no,no,no,no,no,no,no,no
Goniomonas,Goniomonas*,Goniomonas avonlea,yes,yes_mt,yes,yes,yes_mt,yes_mt,yes,yes,no,yes,yes,yes_mt,yes,yes_mt,yes,no,yes,yes,yes,yes,no,yes,no,yes,yes,yes,no,yes_mt,no,yes,no,no,yes,no,no,no,no,yes,no,no,yes,no,no,no,no,no,no,no,no,no,no,no,no,no,yes_mt,yes_mt,yes_mt,yes,no,yes_mt,yes_mt,yes,no,yes_mt,yes_mt,yes_mt,yes_mt,yes,yes,yes,no,yes_mt,no,no,no,no,no,yes,no,yes,yes,no,no,no,no,no,no,no,no,no,no,no,no,no
Palpitomonas,Palpitomonas*,Palpitomonas bilix,yes,yes_mt,yes,no,yes_mt,yes_mt,yes,yes,yes_mt,yes,yes,yes_mt,no,yes_mt,yes,yes,no,yes,yes,yes,yes,yes,no,no,yes,no,no,no,no,no,yes,yes,no,no,no,yes,no,no,no,no,yes,yes,no,no,yes,yes,yes,no,no,no,no,no,no,yes_mt,yes,yes_mt,yes_mt,yes,yes,yes_mt,yes_mt,yes,yes,yes_mt,yes_mt,yes_mt,yes_mt,yes,yes,yes,yes,yes_mt,yes,no,yes,no,no,yes,no,no,no,yes,yes,no,no,no,no,no,no,no,no,no,no,no
EgracilisGEFR,,Euglena gracilis,no,no,no,no,no,yes,no,yes,no,yes,yes,yes,yes,yes,no,no,no,yes,yes,yes,yes,yes,no,yes,yes,yes,no,yes,no,yes,no,yes,yes,yes,no,yes,no,no,no,no,no,yes,no,yes,no,no,no,no,no,yes,no,yes,no,no,no,yes,no,no,yes,no,yes,yes,no,yes,no,no,yes,yes,yes,yes,yes,yes,yes,yes,yes,yes,no,no,no,yes,yes,no,yes,no,no,yes,no,no,yes,yes,yes,no,yes,yes
EgracilisSRR,,Euglena gracilis,no,no,yes,yes,no,yes,yes,yes,no,yes,yes,yes,yes,yes,yes,no,no,yes,yes,yes,yes,yes,no,yes,yes,yes,yes,no,yes,yes,no,yes,yes,yes,yes,yes,no,yes,no,no,yes,yes,no,yes,yes,no,no,no,no,yes,no,yes,no,no,no,yes,no,yes,yes,no,yes,yes,no,yes,yes,yes,yes,yes,yes,yes,yes,yes,yes,yes,yes,yes,no,yes,no,yes,yes,yes,yes,yes,yes,yes,no,no,yes,yes,yes,yes,yes,yes
Egracilis,,Euglena gracilis,no,yes,yes,yes,no,yes,yes,no,no,yes,yes,yes,yes,yes,yes,no,no,yes,yes,yes,yes,yes,no,yes,yes,no,no,yes,yes,yes,no,no,yes,yes,yes,yes,no,yes,no,no,yes,yes,no,yes,yes,no,no,no,no,yes,no,yes,no,no,no,yes,no,yes,yes,no,yes,yes,no,yes,yes,yes,yes,yes,yes,yes,yes,no,yes,yes,yes,yes,no,yes,no,yes,yes,yes,yes,yes,yes,yes,no,no,yes,yes,yes,yes,yes,yes
Euglenalonga,,Euglena longa,no,yes,yes,yes,no,yes,yes,yes,no,yes,yes,yes,yes,yes,yes,no,no,yes,yes,yes,yes,yes,no,yes,yes,yes,yes,no,yes,yes,no,yes,yes,yes,yes,yes,no,yes,no,no,yes,yes,no,yes,yes,no,no,no,no,yes,no,yes,no,no,no,yes,no,yes,yes,no,yes,yes,no,yes,yes,yes,yes,yes,yes,yes,yes,yes,yes,yes,yes,yes,no,yes,no,yes,yes,yes,yes,yes,yes,yes,no,no,yes,yes,yes,yes,yes,yes
Trypanosoma,Trypanosoma*,Trypanosoma brucei,no,yes,yes,yes,no,no,yes,yes,yes,yes,yes,yes,yes,yes,yes,no,yes,yes,yes,yes,yes,yes,no,yes,yes,yes,yes,yes,yes,yes,no,yes,yes,yes,yes,yes,yes,no,no,yes,yes,yes,no,yes,yes,yes,yes,yes,yes,yes,yes,yes,yes,no,no,yes_mt,no,yes,yes,no,yes,yes,yes,yes,yes_mt,no,yes,yes,yes,yes,yes,yes,yes,yes,yes,yes,no,yes,no,yes,yes,yes,yes,yes,yes,yes,yes,no,yes,yes,yes,yes,yes,yes
Nfowleri,Nfowleri*,Naegleria fowleri,no,yes_mt,yes,yes,yes_mt,yes_mt,yes,yes,no,yes_mt,yes,yes_mt,yes,yes_mt,yes,no,no,yes,yes,yes,yes,yes,no,yes,yes,yes,yes,no,no,no,no,yes,no,yes,yes,yes,no,yes,no,no,yes,yes,no,yes,yes,yes,no,no,yes,yes,no,no,no,no,yes_mt,yes_mt,yes_mt,yes,yes,yes_mt,yes_mt,yes,yes_mt,yes_mt,yes_mt,yes_mt,yes_mt,yes,yes,yes,yes,yes_mt,no,yes,yes,no,no,yes,no,yes,yes,no,no,yes,yes,no,no,no,no,no,no,no,no,no
Ngruberi,Ngruberi*,Naegleria gruberi,no,yes_mt,yes,yes,yes_mt,yes_mt,no,yes,no,yes_mt,yes,yes_mt,yes,yes_mt,yes,no,no,yes,yes,yes,yes,yes,no,yes,yes,yes,yes,no,no,no,no,yes,no,yes,yes,no,no,yes,no,yes,yes,yes,no,yes,yes,yes,no,no,yes,yes,no,no,no,no,yes_mt,yes_mt,yes_mt,yes,yes,yes_mt,yes_mt,yes,yes_mt,yes_mt,yes_mt,yes_mt,yes_mt,yes,yes,yes,yes,yes_mt,no,yes,yes,no,no,yes,no,no,yes,no,no,no,yes,no,no,no,no,no,no,no,no,no
NgruberiMITOPRO,Ngruberi*,Naegleria gruberi,no,yes_mt,yes,yes,yes_mt,yes_mt,no,yes,no,yes_mt,yes,yes_mt,yes,yes_mt,yes,no,no,yes,yes,yes,yes,no,no,no,yes,yes,yes,no,no,no,no,no,no,no,yes,no,no,no,no,yes,yes,yes,no,no,yes,yes,no,no,no,yes,no,no,no,no,yes_mt,yes_mt,yes_mt,yes,yes,yes_mt,yes_mt,yes,yes_mt,yes_mt,yes_mt,yes_mt,yes_mt,yes,yes,yes,yes,yes_mt,no,yes,yes,no,no,yes,no,no,yes,no,no,no,yes,no,no,no,no,no,no,no,no,no
NgruberiRNA,Ngruberi*,Naegleria gruberi,no,yes_mt,yes,yes,yes_mt,yes_mt,yes,yes,no,yes_mt,yes,yes_mt,yes,yes_mt,yes,no,no,yes,yes,yes,yes,yes,no,yes,yes,yes,yes,no,no,no,no,yes,no,yes,yes,yes,no,yes,no,yes,yes,yes,no,yes,yes,yes,no,yes,no,yes,no,no,no,no,yes_mt,yes_mt,yes_mt,yes,yes,yes_mt,yes_mt,yes,yes_mt,yes_mt,yes_mt,yes_mt,yes_mt,yes,yes,yes,yes,yes_mt,no,yes,yes,no,no,yes,no,yes,yes,no,no,yes,yes,no,no,no,no,no,no,no,no,no
Nlovaniensis,,Naegleria lovaniensis,no,yes,yes,yes,no,no,yes,yes,no,no,yes,no,yes,no,no,no,no,yes,yes,yes,yes,yes,no,yes,yes,yes,yes,no,no,no,no,yes,no,yes,yes,yes,no,yes,no,no,yes,yes,no,yes,yes,yes,no,yes,yes,yes,no,no,no,no,no,no,no,yes,yes,no,no,yes,no,no,no,no,no,yes,no,yes,yes,no,no,yes,yes,no,no,yes,no,yes,yes,no,no,yes,yes,no,no,no,no,no,no,no,no,no
Andalucia,Andalucia*,Andalucia godoyi,yes_mt,yes_mt,yes,yes,yes_mt,yes_mt,yes,yes,yes_mt,yes_mt,yes,yes_mt,yes,yes_mt,yes,yes_mt,yes_mt,yes_mt,yes,yes,yes,yes,yes,yes_mt,yes,yes,no,yes_mt,yes_mt,yes,yes_mt,yes_mt,yes,no,yes,yes,no,yes,no,yes,yes,yes,no,no,yes,yes,yes,no,yes,no,no,no,no,yes_mt,yes_mt,yes_mt,yes_mt,yes,yes,yes_mt,yes_mt,yes,yes_mt,yes_mt,yes_mt,yes_mt,yes_mt,yes,yes,yes,no,yes_mt,yes,yes,yes,yes,no,yes,yes,yes,no,yes,yes,yes,no,no,no,no,yes,no,no,no,no,no
AgodoyiRNA,,Andalucia godoyi,yes_mt,yes_mt,no,yes,yes_mt,yes_mt,no,no,no,yes_mt,no,yes_mt,yes,yes_mt,yes,yes_mt,yes_mt,yes_mt,no,yes,yes,yes,yes,yes_mt,no,no,no,yes_mt,yes_mt,no,yes_mt,yes_mt,no,no,yes,no,no,yes,no,no,yes,no,no,no,no,no,yes,no,yes,no,no,no,no,yes_mt,yes_mt,yes_mt,yes_mt,no,yes,yes_mt,yes_mt,yes,yes_mt,yes_mt,yes_mt,yes_mt,yes_mt,no,no,yes,no,yes_mt,no,no,yes,no,no,yes,yes,no,no,no,yes,yes,no,no,no,no,yes,no,no,no,no,no
Reclinomonas,Reclinomonas*,Reclinomonas americana,yes_mt,yes_mt,yes,yes,yes_mt,yes_mt,yes,yes,yes_mt,yes_mt,yes,yes_mt,yes,yes_mt,yes,yes_mt,yes_mt,yes_mt,yes,yes,yes,yes,yes,yes_mt,yes,yes,yes,yes_mt,yes_mt,yes,yes_mt,no,yes,no,no,yes,no,yes,no,yes,yes,no,no,yes,yes,yes,yes,no,yes,no,no,no,no,yes_mt,yes_mt,yes_mt,yes_mt,yes,yes,yes_mt,yes_mt,yes,yes_mt,yes_mt,yes_mt,yes_mt,yes_mt,yes,yes,yes,yes,yes_mt,yes,yes,yes,yes,no,no,yes,yes,yes,yes,no,no,no,no,,,no,no,no,no,no,no
Tsukubamonas,tsukubamonas,Tsukubamonas globosa,no,yes_mt,yes,yes,yes_mt,yes_mt,yes,yes,no,yes,yes,yes_mt,yes,yes_mt,yes,no,yes_mt,yes,yes,yes,yes,yes,no,yes,yes,yes,yes,no,yes,yes,yes,yes_mt,no,no,yes,yes,no,yes,no,no,yes,yes,no,yes,yes,yes,yes,yes,yes,no,no,no,no,no,yes_mt,yes_mt,yes_mt,yes,yes,yes_mt,yes_mt,yes,yes_mt,yes_mt,yes_mt,yes_mt,yes_mt,yes,yes,yes,yes,yes_mt,no,no,no,no,no,yes,no,yes,yes,no,yes,yes,yes,no,no,no,no,no,no,yes,no,no
Raineriophrys,,Raineriophrys erinaceoides,yes,yes,yes,yes,no,no,yes,yes,no,no,yes,yes,yes,yes,yes,no,no,no,no,yes,no,yes,no,yes,yes,yes,no,no,yes,no,no,yes,yes,no,no,yes,no,yes,no,yes,yes,no,no,no,yes,yes,yes,yes,no,no,no,no,no,no,no,yes,no,yes,yes,no,no,yes,yes,no,no,no,no,yes,yes,yes,yes,no,no,yes,no,no,no,yes,no,no,yes,yes,no,yes,no,no,no,no,no,no,no,no,no,no
Raphidiophrys,,Raphidiophrys heterophryoidea,yes,yes,yes,yes,yes,no,yes,yes,no,yes,yes,yes,yes,no,yes,no,no,no,yes,yes,yes,yes,no,yes,yes,yes,yes,no,yes,no,yes,yes,no,no,yes,no,no,yes,no,yes,yes,yes,no,no,no,yes,no,yes,no,no,no,no,no,no,yes,no,no,yes,yes,no,yes,yes,yes,no,yes,yes,no,yes,yes,yes,yes,yes,no,yes,yes,no,no,yes,no,yes,yes,yes,no,yes,yes,no,no,no,no,no,no,no,no,no
Chrysochromulina,ChrysochromCCMP291,Chrysochromulina tobinii,yes,yes,yes,no,yes,yes,yes,no,yes,yes,no,yes,yes,yes_mt,yes,no,yes,no,yes,no,yes,no,no,yes,no,yes,no,yes,no,no,no,no,no,no,yes,no,no,no,no,yes,yes,yes,no,no,no,yes,yes,no,no,no,no,no,no,no,yes,yes_mt,yes,yes,yes,yes,yes_mt,yes,yes,no,yes_mt,yes,yes_mt,no,yes,yes,no,yes,no,yes,yes,no,no,yes,no,no,no,no,no,no,no,no,no,no,no,no,no,no,no,no
Emiliania,Emiliania*,Emiliania (Gephyrocapsa) huxleyi,yes,yes,yes,yes,yes,yes,yes,no,yes,yes,yes,yes,yes,yes_mt,yes,no,yes,yes,yes,yes,yes,yes,no,yes,yes,yes,no,no,yes,yes,yes,yes,no,no,yes,no,no,yes,no,no,yes,yes,no,no,yes,yes,no,no,yes,no,no,no,no,no,yes,yes_mt,yes,yes,yes,yes,yes_mt,yes,no,yes,yes_mt,yes,yes_mt,yes,no,yes,no,yes,no,no,yes,no,no,yes,no,no,yes,no,no,no,no,no,no,no,no,no,no,no,no,no
Hemimastix,,Hemimastix kukwesjijk,no,no,yes,yes,no,no,yes,yes,no,no,yes,yes,yes,yes,yes,no,no,no,yes,yes,yes,yes,no,yes,yes,no,yes,no,yes,yes,no,no,no,no,no,yes,no,yes,no,no,no,yes,no,no,no,no,yes,yes,no,no,no,no,no,no,no,no,no,no,yes,yes,yes,yes,no,no,yes,no,yes,no,yes,no,yes,no,no,yes,no,no,no,yes,no,yes,no,no,no,yes,yes,no,no,no,no,no,no,no,no,no
Gefionella,Gefionella*,Gefionella okellyi,yes,yes,yes,yes,yes,no,yes,yes,yes,yes_mt,yes,yes,yes,yes,yes,no,yes,yes,yes,yes,yes,yes,no,no,yes,yes,yes,no,yes,no,yes,no,no,no,yes,yes,no,yes,no,yes,yes,yes,no,yes,yes,yes,yes,no,yes,no,no,no,no,no,yes,no,no,yes,yes,yes_mt,no,yes,yes,yes_mt,yes,yes_mt,yes,yes,yes,yes,yes,no,no,no,yes,no,no,yes,no,yes,yes,yes,yes,yes,no,no,no,no,no,no,no,no,no,no
Malawimonascalif,Mcaliforniana,Malawimonas californiana,no,yes_mt,no,no,yes_mt,yes_mt,yes,no,no,yes_mt,yes,yes_mt,no,yes_mt,yes,no,yes_mt,yes_mt,no,yes,no,no,no,no,yes,no,no,no,yes,no,no,no,no,no,no,no,no,no,no,no,no,no,no,no,no,no,no,no,no,no,no,no,no,no,yes_mt,yes_mt,yes_mt,no,no,yes_mt,yes_mt,no,no,yes_mt,yes_mt,yes_mt,yes_mt,no,no,no,no,yes_mt,no,no,no,no,no,no,no,no,no,no,no,no,yes,no,no,no,no,no,no,no,no,no
Malawimonasjakob,Mjakobiformis,Malawimonas jakobiformis,yes,yes_mt,no,yes,yes_mt,yes_mt,no,no,yes,yes_mt,no,yes_mt,yes,yes_mt,no,yes_mt,yes_mt,yes_mt,yes,no,no,yes,no,no,no,yes,no,yes_mt,no,no,no,no,yes_mt,yes,no,no,no,yes,no,yes,no,no,no,no,no,no,no,no,yes,no,no,no,no,yes_mt,yes_mt,yes_mt/nuc,yes_mt,yes,no,yes_mt,yes_mt,yes,no,yes_mt,yes_mt,yes_mt,yes_mt,yes,yes_mt,no,no,yes_mt,no,no,no,no,no,yes,no,no,no,no,no,no,no,no,no,no,no,no,no,no,no,no
Giardia,,Giardia intestinalis,no,no,no,no,no,no,no,no,no,no,no,no,no,no,no,no,no,no,no,no,no,no,no,,no,no,no,no,no,no,no,no,no,,,no,,no,,no,no,no,,no,no,no,no,no,no,no,no,no,no,no,no,no,no,no,no,no,no,no,no,no,no,no,no,no,no,no,no,no,no,no,no,no,no,no,no,no,no,no,no,no,no,no,no,no,no,no,no,no,no,no
Trichomonas,,Trichomonas vaginalis,no,no,no,no,no,no,no,no,no,no,no,no,no,no,no,no,no,no,no,no,no,no,no,,no,no,no,no,no,no,no,no,no,,,no,,no,,no,no,no,,no,no,no,no,no,no,no,no,no,no,no,no,no,no,no,no,no,no,no,no,no,no,no,no,no,no,no,no,no,no,no,no,no,no,no,no,no,no,no,no,no,no,no,no,no,no,no,no,no,no,no
Monocercomonoides,,Monocercomonoides exilis,no,no,no,no,no,no,no,no,no,no,no,no,no,no,no,no,no,no,no,no,no,no,no,,no,no,no,no,no,no,no,no,no,,,no,,no,,no,no,no,,no,no,no,no,no,no,no,no,no,no,no,no,no,no,no,no,no,no,no,no,no,no,no,no,no,no,no,no,no,no,no,no,no,no,no,no,no,no,no,no,no,no,no,no,no,no,no,no,no,no,no
Thecamonas,Thecamonas*,Thecamonas trahens,yes,yes_mt,yes,yes,yes_mt,yes,no,yes,no,yes,yes,yes_mt,yes,yes_mt,yes,no,yes_mt,yes,yes,no,yes,yes,no,yes,yes,yes,no,no,no,yes,no,no,yes,no,yes,yes,no,yes,no,yes,yes,no,no,no,yes,yes,no,no,yes,no,no,no,no,no,yes_mt,yes_mt,yes_mt,yes,no,yes_mt,yes_mt,yes,yes_mt,yes_mt,yes_mt,yes_mt,yes_mt,yes,no,no,no,yes_mt,no,yes,no,no,no,yes,no,yes,no,yes,no,no,yes,no,no,no,no,no,no,no,no,no
Pygsuia,,Pygsuia biforma,no,no,no,no,no,no,no,no,no,no,no,no,no,no,no,no,no,no,no,no,no,no,no,,no,no,no,no,no,no,no,no,no,,,no,,no,,no,no,no,,no,no,no,no,no,no,no,no,no,no,no,no,no,no,no,no,no,no,no,no,no,no,no,no,no,no,no,no,no,no,no,no,no,no,no,no,no,no,no,no,no,no,no,no,no,no,no,no,no,no,no
Allomyces,Allomyces*,Allomyces macrogynus,yes,yes,yes,yes,yes,yes,yes,yes,yes,yes,yes,yes,yes,yes,yes,no,yes,no,yes,yes,yes,yes,no,yes,yes,yes,yes,yes,yes,no,yes,yes,yes,yes,yes,yes,no,yes,no,yes,yes,yes,no,no,no,yes,yes,yes,no,no,no,no,no,yes,yes,yes_mt,yes,yes,yes,yes,yes,yes,yes,yes,yes,yes,no,yes,yes,yes,yes,yes,yes,yes,yes,no,no,yes,no,yes,no,yes,yes,yes,yes,no,no,no,no,no,no,no,no,no
Saccharomyces,Saccharomyces*,Saccharomyces cerevisiae,yes,yes,yes,yes,yes,yes,yes,yes,yes,yes,yes,yes,yes,yes,yes,no,yes,no,yes,yes,yes,yes,no,yes,yes,yes,yes,yes,yes,yes,yes,yes,yes,yes,yes,yes,no,yes,yes,yes,yes,yes,yes,no,yes,yes,yes,yes,yes,no,no,no,no,yes,yes,yes_mt,yes,yes,yes,yes,yes,yes,yes,yes,yes,yes,yes,yes,yes,yes,yes,yes,yes,yes,yes,yes,no,yes,yes,yes,no,yes,yes,yes,yes,yes,yes,yes,yes,no,no,no,no,no
Ustilago,Ustilago*,Ustilago maydis,yes,yes,yes,yes,yes,yes,yes,yes,yes,yes,yes,yes,yes,yes,yes,no,yes,no,yes,yes,yes,no,no,yes,yes,yes,yes,yes,yes,no,yes,yes,yes,yes,no,yes,no,yes,no,no,yes,yes,no,no,no,yes,yes,yes,no,no,no,no,no,no,yes,yes_mt,yes,yes,yes,yes,yes,yes,yes,yes,yes,yes,yes,yes,yes,yes,yes,yes,yes,yes,yes,no,no,yes,no,yes,yes,yes,yes,yes,yes,yes,no,no,yes,no,no,no,no,no
Mitosporidium,,Mitosporidium daphniae,no,yes,yes,yes,no,yes,yes,no,yes,yes,yes,yes,yes,no,no,no,no,no,yes,yes,yes,yes,no,no,yes,no,yes,yes,no,no,yes,no,yes,yes,no,no,no,yes,no,yes,yes,no,no,no,no,yes,no,no,no,no,no,no,no,no,yes,no,yes,yes,no,yes,no,yes,yes,yes,no,no,yes,no,yes,yes,no,yes,no,yes,no,no,no,no,no,no,no,yes,no,yes,yes,no,no,no,yes,no,no,no,no,no
Paramicrosporidium,Paramicrosporidium*,Paramicrosporidium saccamoebae,no,yes,yes,yes,yes,yes,yes,no,yes,no,yes,yes,yes,no,yes,no,no,no,yes,yes,no,no,no,yes,yes,yes,yes,yes,no,no,yes,no,no,no,yes,no,no,yes,yes,no,yes,no,no,no,no,yes,no,no,no,no,no,no,no,yes,yes,no,yes,yes,no,yes,no,yes,yes,no,yes_mt,no,yes,yes,yes,yes,no,yes,no,yes,no,no,no,yes,no,no,no,yes,no,no,no,yes,no,no,no,no,no,no,no,no
Rozella,,Rozella allomycis,yes,yes,yes,yes,no,yes,yes,yes,no,yes,yes,no,yes,no,no,no,yes,no,yes,yes,yes,no,no,yes,yes,no,no,no,yes,no,no,no,no,yes,yes,no,no,yes,yes,yes,yes,no,no,no,no,no,no,no,no,no,no,no,no,no,yes,no,yes,yes,no,no,no,no,yes,yes,no,yes,yes,yes,yes,yes,yes,yes,no,yes,no,no,no,no,no,no,no,yes,no,yes,yes,no,no,no,no,no,no,no,no,no
Fonticula,Fonticula*,Fonticula alba,yes,no,yes,yes,yes_mt,no,yes,yes,yes,no,yes,yes_mt,yes,yes,yes,no,yes,no,yes,yes,no,yes,no,yes,yes,yes,yes,no,yes,no,yes,yes,no,yes,no,yes,no,yes,yes,yes,yes,no,no,no,yes,yes,yes,yes,no,no,no,no,no,no,yes,no,no,no,no,no,no,yes,yes,no,yes_mt,yes_mt,yes_mt,yes,yes,yes,yes,no,no,no,no,no,no,no,no,no,yes,yes,yes,yes,yes,no,no,no,no,no,no,no,no,no
Monosiga,Monosiga*,Monosiga brevicollis,yes,yes_mt,yes,yes,yes_mt,no,yes,yes,yes,no,yes,yes_mt,yes,yes_mt,yes,yes,yes,no,yes,no,yes,yes,no,yes,yes,yes,yes,no,no,no,yes,yes,no,yes,no,no,no,yes,no,yes,yes,no,no,yes,no,no,yes,no,yes,no,no,no,no,no,yes,yes_mt,yes_mt,yes,yes,yes,yes_mt,yes,yes,yes,yes_mt,yes_mt,yes_mt,no,yes,no,no,yes_mt,no,yes,no,no,no,yes,no,yes,no,yes,no,yes,no,no,no,no,no,no,no,no,no,no
Capsaspora,Capsaspora*,Capsaspora owczarzaki,yes,yes_mt,yes,yes,no,yes_mt,yes,yes,yes,yes,yes,yes_mt,yes,yes_mt,yes,yes,yes,yes,yes,yes,yes,yes,no,yes,yes,yes,yes,no,yes,no,yes,yes,no,yes,yes,no,no,yes,no,yes,yes,yes,no,no,yes,yes,no,yes,no,no,no,no,no,no,yes,no,yes_mt,yes,yes,yes,no,yes,yes,yes,yes_mt,yes_mt,yes_mt,yes,yes,yes,no,yes_mt,no,yes,yes,no,no,yes,no,yes,no,yes,yes,yes,yes,no,no,no,no,no,no,no,no,no
Creolimax,,Creolimax fragrantissima,yes,yes,yes,yes,no,no,yes,yes,yes,yes,yes,no,yes,yes,yes,no,yes,yes,yes,yes,yes,yes,no,yes,yes,yes,yes,yes,yes,no,yes,no,no,yes,yes,yes,no,yes,yes,yes,yes,yes,no,no,yes,no,yes,no,yes,no,no,no,no,no,yes,yes,no,yes,yes,yes,no,yes,yes,yes,no,no,yes,yes,yes,yes,yes,no,no,yes,yes,no,no,yes,no,yes,yes,yes,yes,yes,yes,no,no,no,no,no,no,no,no,no
Sphaeroforma,,Sphaeroforma arctica,yes,yes,yes,yes,no,no,yes,yes,yes,yes,yes,no,yes,yes,yes,yes,yes,no,yes,yes,yes,yes,no,yes,no,yes,yes,no,yes,no,no,yes,no,yes,no,yes,no,no,yes,yes,yes,yes,no,yes,no,yes,yes,no,no,no,no,no,no,no,yes,no,no,yes,yes,no,no,yes,yes,no,no,no,no,yes,yes,yes,yes,no,no,yes,yes,no,no,yes,no,no,no,yes,yes,yes,yes,no,no,no,no,no,no,no,no,no
Homo,,Homo sapiens,yes,yes,yes,yes,no,no,yes,yes,yes,yes,yes,yes,yes,yes,yes,yes,yes,yes,yes,yes,yes,yes,no,yes,yes,yes,yes,yes,yes,yes,yes,yes,yes,yes,yes,yes,yes,yes,yes,yes,yes,yes,yes,yes,yes,yes,yes,yes,no,no,no,no,no,yes,yes,yes,no,yes,yes,yes,no,yes,yes,yes,yes,no,yes,yes,yes,yes,yes,no,yes,yes,yes,yes,yes,yes,yes,yes,yes,yes,yes,yes,no,no,no,no,no,no,no,no,no,no
Cryptosporidium,,Cryptosporidium parvum,no,no,no,no,no,no,no,no,no,no,no,no,no,no,no,no,no,no,no,no,no,no,no,no,no,no,no,no,no,no,no,no,no,no,no,no,no,no,no,no,no,no,no,no,no,no,no,no,no,no,no,no,no,no,no,no,no,no,no,no,no,no,no,no,no,no,no,no,no,no,no,no,no,no,no,no,no,no,no,no,no,no,no,no,no,no,no,no,no,no,no,no,no,no
Gregarina,,Gregarina niphandrodes,no,no,no,no,no,no,no,no,no,no,no,no,no,no,no,no,no,no,no,no,no,no,no,no,no,no,no,no,no,no,no,no,no,no,no,no,no,no,no,no,no,no,no,no,no,no,no,no,no,no,no,no,no,no,no,no,no,no,no,no,no,no,no,no,no,no,no,no,no,no,no,no,no,no,no,no,no,no,no,no,no,no,no,no,no,no,no,no,no,no,no,no,no,no
Plasmodium,,Plasmodium falciparum,yes,yes,yes,yes,no,no,yes,yes,no,yes,yes,yes,yes,yes,yes,no,yes,yes,yes,yes,yes,yes,no,yes,yes,yes,no,no,no,yes,no,no,yes,no,no,yes,no,yes,no,no,no,yes,no,no,yes,yes,yes,no,yes,no,no,no,no,no,no,no,no,yes,yes,no,yes,yes,yes,yes,yes,no,yes,yes,yes,yes,yes,no,no,no,no,no,no,yes,no,no,no,no,no,no,no,no,no,no,no,no,no,no,no,no
Toxoplasma,,Toxoplasma gondii,yes,yes,yes,yes,no,no,yes,yes,no,yes,yes,yes,yes,yes,yes,no,yes,yes,yes,yes,yes,yes,yes,yes,yes,yes,no,no,no,yes,no,yes,yes,no,no,yes,no,yes,no,no,yes,yes,no,no,yes,yes,yes,no,no,no,no,no,no,no,no,no,no,yes,yes,no,yes,yes,no,yes,yes,no,yes,yes,yes,yes,yes,no,no,yes,yes,no,no,yes,no,no,no,yes,no,no,no,no,no,no,no,no,no,no,no,no
Ichtyopthirius,Ichthyopthirius1,Ichthyopthirius multifiliis,yes,yes_mt,yes,yes,no,yes_mt,yes,no,no,yes,yes,yes_mt,yes,yes_mt,yes,no,yes,yes,yes,no,no,no,yes,yes,yes,no,no,no,no,no,no,no,no,no,no,no,no,no,no,yes,yes,no,no,no,no,no,yes,no,no,no,no,no,no,no,no,yes_mt,yes_mt,yes,yes,yes_mt,no,yes,yes_mt,no,yes_mt,yes_mt,yes_mt,no,yes,yes,yes,yes_mt,no,yes,yes,no,no,yes,yes,yes,yes,no,yes,no,yes,no,no,no,yes,no,no,no,no,no
Ichtyopthirius,Ichthyopthirius2,Ichthyopthirius multifiliis,yes,yes_mt,yes,yes,no,yes_mt,yes,no,no,yes,yes,yes_mt,yes,yes_mt,yes,no,yes,yes,yes,no,no,no,yes,yes,yes,no,no,no,no,no,no,no,no,no,no,no,no,no,no,yes,yes,no,no,no,no,no,yes,no,no,no,no,no,no,no,no,yes_mt,yes_mt,yes,yes,yes_mt,no,yes,yes_mt,no,yes_mt,yes_mt,yes_mt,no,yes,yes,yes,yes_mt,no,yes,yes,no,no,yes,yes,yes,yes,no,yes,no,yes,no,no,no,yes,no,no,no,no,no
Oxytricha,Oxytricha*,Oxytricha trifallax,yes,yes_mt,yes,yes,no,yes_mt,yes,yes,no,yes,yes,yes_mt,no,yes_mt,yes,no,yes,yes,yes,yes,no,yes,yes,no,yes,yes,no,no,no,yes,no,yes,yes,no,no,yes,no,yes,no,yes,yes,yes,no,no,yes,yes,no,no,no,no,no,no,no,no,yes_mt,yes_mt,yes_mt,yes,yes,yes_mt,yes_mt,yes,yes_mt,no,yes_mt,yes_mt,yes_mt,yes,yes,yes,yes,yes_mt,no,yes,yes,no,no,yes,yes,yes,yes,yes,yes,no,yes,yes,no,no,yes,no,no,no,no,no
Paramecium,,Paramecium tetraurelia,yes,yes_mt,yes,yes,no,yes_mt,yes,yes,no,yes,yes,yes_mt,yes,yes_mt,yes,no,yes,yes,yes,yes,yes,yes,yes,yes,yes,yes,no,no,no,yes,no,yes,yes,no,yes,yes,no,yes,no,yes,yes,yes,no,no,yes,yes,yes,no,no,no,no,no,no,no,no,yes_mt,yes_mt,yes,yes,yes_mt,no,yes,yes_mt,no,yes_mt,yes_mt,yes_mt,yes,yes,yes,yes,yes_mt,no,yes,no,no,no,yes,yes,yes,yes,yes,no,no,yes,no,no,no,yes,no,no,no,no,no
,Paramecium*,Paramecium caudatum,yes,yes_mt,yes,yes,no,yes_mt,yes,yes,no,yes,yes,yes_mt,yes,yes_mt,yes,no,yes,yes,yes,yes,yes,yes,yes,yes,yes,yes,no,no,no,yes,no,yes,yes,no,yes,yes,no,yes,no,yes,yes,yes,no,no,yes,yes,yes,no,no,no,no,no,no,no,no,yes_mt,yes_mt,yes,yes,yes_mt,no,yes,yes_mt,no,yes_mt,yes_mt,yes_mt,yes,yes,yes,yes,yes_mt,no,yes,no,no,no,yes,yes,yes,yes,yes,no,no,yes,no,no,no,yes,no,no,no,no,no
Tetrahymena,Ttermophyla,Tetrahymena thermophila,yes,yes_mt,yes,yes,yes,yes_mt,yes,yes,yes_mt,yes,yes,yes_mt,yes,yes_mt,yes,no,yes,yes,yes,yes,yes,yes,yes,yes,yes,yes,no,no,no,yes,no,yes,yes,no,yes,yes,no,yes,no,yes,yes,yes,no,no,yes,yes,yes,no,yes,no,no,no,no,no,yes_mt,yes_mt,yes_mt,yes,yes,yes_mt,no,yes,yes_mt,yes,yes_mt,yes_mt,yes_mt,yes,yes,yes,yes,yes_mt,yes,yes,yes,yes,no,yes,yes,yes,yes,yes,yes,no,yes,no,no,no,yes,no,no,no,no,no
Chromera,,Chromera velia,yes,yes,yes,yes,no,no,yes,yes,no,yes,yes,no,yes,yes,yes,no,yes,yes,yes,yes,yes,yes,no,yes,yes,yes,no,no,no,yes,no,yes,yes,no,no,yes,no,yes,no,no,yes,yes,no,no,yes,yes,yes,no,no,no,no,no,no,no,no,no,no,yes,yes,no,yes,yes,yes,yes,yes,no,no,yes,yes,yes,yes,no,no,no,no,no,no,yes,no,no,no,yes,no,no,no,no,no,no,no,no,no,no,no,no
Vitrella,,Vitrella brassicaformis,yes,yes,yes,yes,no,no,yes,yes,no,yes,yes,yes,yes,yes,yes,no,yes,yes,yes,yes,yes,yes,no,no,yes,yes,no,no,no,yes,no,yes,yes,no,no,yes,no,yes,no,no,yes,yes,no,no,yes,yes,yes,no,no,no,no,no,no,no,no,no,no,yes,yes,no,yes,yes,yes,yes,yes,no,yes,yes,yes,yes,yes,no,no,no,no,no,no,yes,no,no,no,yes,no,no,no,no,no,no,no,no,no,no,no,no
Symbiodinium,,Symbiodinium natans,yes,yes,yes,yes,yes,no,no,no,no,yes,yes,yes,yes,no,yes,no,yes,no,yes,no,no,yes,no,yes,yes,no,yes,no,yes,no,no,no,no,no,no,no,no,yes,no,no,no,yes,no,no,no,no,yes,no,no,no,no,no,no,no,no,no,no,yes,yes,no,no,yes,no,yes,yes,no,no,yes,yes,yes,yes,no,no,no,no,no,no,yes,no,no,no,yes,no,no,no,no,no,no,no,no,no,no,no,no
Perkinsus,,Perkinsus marinus,yes,yes,yes,yes,no,no,yes,no,no,yes,yes,yes,yes,yes,yes,no,yes,yes,yes,yes,yes,yes,no,yes,yes,yes,no,no,no,yes,no,no,no,no,no,yes,no,yes,no,no,yes,yes,no,no,yes,yes,yes,no,no,no,no,no,no,no,no,no,no,yes,yes,no,yes,yes,no,yes,yes,no,no,yes,yes,yes,no,no,no,no,no,no,no,yes,no,no,no,no,no,no,yes,no,no,no,no,no,no,no,no,no
Bigelowiella,Bigelowiella*,Bigelowiella natans,yes,yes,yes,yes,yes_mt,yes_mt,yes,yes,no,yes,yes,yes_mt,yes,yes_mt,yes,no,yes,yes,yes,yes,yes,yes,no,yes,yes,yes,no,no,yes,yes,yes,no,yes,no,yes,yes,no,yes,no,no,yes,yes,no,no,yes,yes,yes,no,yes,no,no,no,no,no,no,yes_mt,yes_mt,yes,yes,yes_mt,yes,yes,yes,yes_mt,yes_mt,yes,yes_mt,yes,yes,yes,yes,yes_mt,no,no,no,no,no,yes,no,yes,no,yes,yes,no,no,no,no,no,no,no,no,no,no,no
Plasmodiophora,Plasmodiophora*,Plasmodiophora brassicae,yes,yes,yes,yes,no,yes_mt,yes,yes,no,yes,yes,yes_mt,yes,yes_mt,yes,no,yes,yes,yes,yes,yes,yes,no,yes,yes,yes,no,no,yes,yes,yes,yes,no,no,yes,yes,no,yes,no,no,yes,yes,no,no,yes,yes,yes,no,yes,no,no,no,no,no,yes,yes_mt,yes_mt,yes,yes,yes_mt,yes_mt,yes,yes_mt,yes_mt,yes_mt,yes_mt,yes_mt,yes,yes,yes,yes,yes_mt,no,yes,no,no,no,yes,no,no,yes,yes,yes,yes,no,no,no,no,no,no,no,no,no,no
Reticulomyxa,,Reticulomyxa filosa,yes,yes,no,yes,no,no,yes,yes,no,yes,yes,yes,yes,no,no,no,yes,yes,yes,yes,yes,yes,no,yes,yes,yes,no,no,no,no,no,no,no,no,no,no,no,no,no,no,yes,yes,no,no,no,no,no,no,no,no,no,no,no,no,yes,no,no,yes,yes,no,no,yes,no,no,yes,yes,no,no,no,yes,yes,no,no,yes,no,no,no,no,no,no,no,no,no,yes,no,no,no,no,no,no,no,no,no,no
Blastocystis,BlastNand,Blastocystis sp. NandII,yes,yes_mt,yes,yes,no,yes_mt,yes,yes,no,yes,yes,yes_mt,yes,yes_mt,yes,no,yes,yes,yes,yes,yes,yes,no,yes,yes,yes,no,no,yes,no,no,no,no,no,no,yes,no,yes,no,no,yes,yes,no,no,yes,yes,yes,no,no,no,no,no,no,no,no,yes_mt,no,yes,yes,no,no,yes,yes_mt,no,yes_mt,yes_mt,yes_mt,yes,yes,yes,no,yes_mt,no,no,no,no,no,yes,no,no,no,yes,no,yes,no,no,no,no,no,no,no,no,no,no
Cafeteria,Cafeteria,Cafeteria roenbergensis,yes,yes_mt,yes,yes,no,yes_mt,yes,yes,no,yes,yes,yes_mt,yes,yes_mt,yes,no,yes,yes,yes,yes,yes,yes,no,yes,yes,yes,no,no,yes,no,yes,no,yes,no,yes,yes,no,yes,no,no,yes,yes,no,no,yes,yes,yes,no,yes,no,no,no,no,no,yes_mt,yes_mt,yes_mt,yes,yes,no,yes_mt,yes,yes,no,yes_mt,yes_mt,yes_mt,yes,yes,yes,yes,yes_mt,no,no,no,no,no,yes,no,no,yes,no,no,yes,no,no,no,no,no,no,no,no,no,no
Phaeodactylu,Phaeodactylum,Phaeodactylum tricornutum,yes,yes_mt,yes,yes,yes_mt,yes_mt,yes,yes,no,yes,yes,yes_mt,yes,yes_mt,yes,no,yes,yes,yes,yes,yes,yes,no,yes,yes,yes,no,no,no,yes,yes,no,no,no,yes,no,no,yes,no,no,yes,yes,no,no,no,yes,no,no,no,no,no,no,no,no,yes_mt,yes_mt,yes_mt,yes,yes,yes_mt,yes_mt,yes,yes_mt,yes_mt,yes_mt,yes_mt,yes_mt,yes,yes,yes,yes,yes_mt,no,no,no,no,no,yes,no,yes,no,yes,no,no,no,no,no,no,no,no,no,no,no,no
Thalassiosira,Thalassiosira*,Thalassiosira pseudonana,yes,yes_mt,yes,yes,yes_mt,yes_mt,yes,yes,no,yes,yes,yes_mt,yes,yes_mt,yes,no,yes,yes,yes,yes,yes,yes,no,yes,yes,yes,no,no,no,yes,yes,no,no,no,no,yes,no,yes,no,no,yes,yes,no,no,yes,no,yes,no,no,no,no,no,no,no,yes_mt,yes_mt,yes_mt,yes,no,yes_mt,yes_mt,yes,yes_mt,yes_mt,yes_mt,yes_mt,yes_mt,yes,yes,yes,yes,yes_mt,no,no,no,no,no,yes,no,no,no,yes,no,no,no,no,no,no,no,no,no,no,no,no
Chattonella,,Chattonella subsalsa,yes,yes_mt,yes,yes,yes_mt,yes_mt,yes,yes,no,yes,yes,yes_mt,yes,yes_mt,yes,no,yes,yes,yes,yes,yes,yes,no,yes,yes,yes,no,no,yes,no,yes,no,yes,no,yes,yes,no,yes,no,yes,yes,yes,no,no,yes,yes,yes,no,no,no,no,no,no,no,yes_mt,yes_mt,yes_mt,yes,yes,yes_mt,yes_mt,yes,yes_mt,yes_mt,yes_mt,yes_mt,yes_mt,yes,yes,yes,yes,yes_mt,no,yes,no,no,no,yes,no,yes,yes,yes,yes,yes,no,no,no,no,no,no,no,no,no,no
,Chattonella*,Chattonella marina,yes,yes_mt,yes,yes,yes_mt,yes_mt,yes,yes,no,yes,yes,yes_mt,yes,yes_mt,yes,no,yes,yes,yes,yes,yes,yes,no,yes,yes,yes,no,no,yes,no,yes,no,yes,no,yes,yes,no,yes,no,yes,yes,yes,no,no,yes,yes,yes,no,no,no,no,no,no,no,yes_mt,yes_mt,yes_mt,yes,yes,yes_mt,yes_mt,yes,yes_mt,yes_mt,yes_mt,yes_mt,yes_mt,yes,yes,yes,yes,yes_mt,no,yes,no,no,no,yes,no,yes,yes,yes,yes,yes,no,no,no,no,no,no,no,no,no,no
Phytophthora,Phytophthora*,Phytophthora infestans,yes,yes_mt,yes,yes,yes_mt,yes_mt,yes,yes,no,yes,yes,yes_mt,yes,yes_mt,yes,no,yes,yes,yes,yes,yes,yes,no,yes,yes,yes,no,no,yes,yes,yes,yes,yes,no,no,yes,no,yes,no,no,yes,yes,no,no,yes,yes,yes,no,no,no,no,no,no,no,yes_mt,yes_mt,yes_mt,yes,yes,yes_mt,yes_mt,yes,yes_mt,yes_mt,yes_mt,yes_mt,yes_mt,no,yes,yes,no,yes_mt,no,yes,yes,no,no,no,no,yes,yes,yes,yes,yes,no,no,no,no,no,no,no,no,no,no
,Apolyphaga,Acanthamoeba polyphaga,,yes_mt,,,yes_mt,yes_mt,,,,yes_mt,,yes_mt,,yes_mt,,,,,,,,,,,,,,,,,,,,,,,,,,,,,,,,,,,,,,,,,yes_mt,yes_mt,yes_mt,,,yes_mt,yes_mt,,,yes_mt,yes_mt,yes_mt,yes_mt,,,,,yes_mt,,,,,,,,,,,,,,,,,,,,,,
,Dcitrinum,Dictyostelium citrinum,,yes_mt,,,yes_mt,yes_mt,,,,yes_mt,,yes_mt,,yes_mt,,,,,,,,,,,,,,,,,,,,,,,,,,,,,,,,,,,,,,,,,yes_mt,yes_mt,yes_mt,,,yes_mt,yes_mt,,,yes_mt,yes_mt,yes_mt,yes_mt,,,,,yes_mt,,,,,,,,,,,,,,,,,,,,,,
,Polysphondylium,Heterostelium pallidum,,yes_mt,,,yes_mt,yes_mt,,,,yes_mt,,yes_mt,,yes_mt,,,,,,,,,,,,,,,,,,,,,,,,,,,,,,,,,,,,,,,,,yes_mt,yes_mt,yes_mt,,,yes_mt,yes_mt,,,yes_mt,yes_mt,yes_mt,yes_mt,,,,,yes_mt,,,,,,,,,,,,,,,,,,,,,,
,Hartmannella,Hartmannella,,yes_mt,,,,yes_mt,,,,yes_mt,,yes_mt,,yes_mt,,,yes_mt,,,,,,,,,,,,,,,,,,,,,,,,,,,,,,,,,,,,,,yes_mt,yes_mt,yes_mt,,,yes_mt,yes_mt,,,yes_mt,yes_mt,yes_mt,yes_mt,,yes_mt,,,yes_mt,,,,,,,,,,,,,,,,,,,,,,
,Pumbilicalis,Porphyra umbilicalis,,,,,,,,,,,,,,yes_mt,,,,yes_mt,,,,,,,,,,,,,,,,,,,,,,,,,,,,,,,,,,,,,,yes_mt,,,,,,,,yes_mt,yes_mt,,,,,,,,,,,,,,,,,,,,,,,,,,,,,
,Nephroselmis,Nephroselmis olivacea,,,,,yes_mt,yes_mt,,,,,,yes_mt,,yes_mt,,,,,,,,,,,,,,,,,,,,,,,,,,,,,,,,,,,,,,,,,yes_mt,yes_mt,yes_mt,,,yes_mt,yes_mt,,yes_mt,yes_mt,yes_mt,yes_mt,yes_mt,,,,,yes_mt,,,,,,,,,,,,,,,,,,,,,,
,Protwickerhamii,Prototheca wickerhamii,,,,,yes_mt,yes_mt,,,,,,,,yes_mt,,,,,,,,,,,,,,,,,,,,,,,,,,,,,,,,,,,,,,,,,yes_mt,yes_mt,yes_mt,,,yes_mt,,,yes_mt,yes_mt,yes_mt,yes_mt,yes_mt,,,,,yes_mt,,,,,,,,,,,,,,,,,,,,,,
,Protzopfii,Prototheca zopfii,,,,,yes_mt,yes_mt,,,yes_mt,,,,,yes_mt,,,,,,,,,,,,,,,,,,,,,,,,,,,,,,,,,,,,,,,,,yes_mt,yes_mt,yes_mt,,,yes_mt,,,yes_mt,yes_mt,yes_mt,yes_mt,yes_mt,,,,,yes_mt,,,,,,,,,,,,,,,,,,,,,,
,Chara-vulgaris,Chara vulgaris,,yes_mt,,,yes_mt,yes_mt,,,,,,yes_mt,,yes_mt,,,,,,,,,,,,,,,,,,,,,,,,,,,,,,,,,,,,,,,,yes_mt,yes_mt,yes_mt,yes_mt,,,yes_mt,,,yes_mt,yes_mt,yes_mt,,yes_mt,,,,,yes_mt,,,,,,,,,,,,,,,,,,,,,,
,Mpaleacea,Marchantia paleacea,,yes_mt,,,yes_mt,yes_mt,,,,,,,,yes_mt,,,,,,,,,,,,,,,,,,,,,,,,,,,,,,,,,,,,,,,,yes_mt,,yes_mt,,,,yes_mt,yes_mt,,yes_mt,yes_mt,yes_mt,yes_mt,yes_mt,,,,,yes_mt,,,,,,,,,,,,,,,,,,,,,,
,Rhodomonas,Rhodomonas salina,,,,,yes_mt,yes_mt,,,,,,yes_mt,,yes_mt,,,,,,,,,,,,,,,,,,,,,,,,,,,,,,,,,,,,,,,,,yes_mt,yes_mt,yes_mt,,,yes_mt,yes_mt,,,yes_mt,yes_mt,yes_mt,yes_mt,,,,,yes_mt,,,,,,,,,,,,,,,,,,,,,,
,Leucocryptos,Leucocryptos marina,,yes_mt,,,yes_mt,yes_mt,,,,,,yes_mt,,yes_mt,,,,,,,,,,,,,,,,,,,,,,,,,,,,,,,,,,,,,,,,,yes_mt,yes_mt,yes_mt,,,,yes_mt,,,yes_mt,,yes_mt,yes_mt,,,,,yes_mt,,,,,,,,,,,,,,,,,,,,,,
,Acrasis,Acrasis kona,,,,,yes_mt,yes_mt,,,,,,yes_mt,,,,,,,,,,,,,,,,,,,,,,,,,,,,,,,,,,,,,,,,,,,,yes_mt,yes_mt,,,yes_mt,yes_mt,,,,,yes_mt,yes_mt,,,,,,,,,,,,,,,,,,,,,,,,,,,
,EukBB2,Heterolobosea sp. BB2,,yes_mt,,,yes_mt,yes_mt,,,yes_mt,yes_mt,,yes_mt,,yes_mt,,,,,,,,,,,,,,,yes_mt,,,,,,,,,,,,,,,,,,,,,,,,,,yes_mt,yes_mt,,,,yes_mt,yes_mt,,yes_mt,yes_mt,yes_mt,yes_mt,yes_mt,,,,,yes_mt,,,,,,,,,,,,,,,,,,,,,,
,Histiona,Histiona aroides,yes_mt,yes_mt,,,yes_mt,yes_mt,,,yes_mt,yes_mt,,yes_mt,,yes_mt,,yes_mt,yes_mt,yes_mt,,,,,,yes_mt,,,,yes_mt,yes_mt,,yes_mt,,,,,,,,,,,,,,,,,,,,,,,yes_mt,yes_mt,yes_mt,yes_mt,,,yes_mt,yes_mt,,yes_mt,yes_mt,yes_mt,yes_mt,yes_mt,,,,,yes_mt,,,,,,,,,,,,,,,,,,,,,,
,JakoLibe,Jakoba libera,yes_mt,yes_mt,,,yes_mt,yes_mt,,,yes_mt,yes_mt,,yes_mt,,yes_mt,,,,yes_mt,,,,,,yes_mt,,,,yes_mt,yes_mt,,yes_mt,,,,,,,,,,,,,,,,,,,,,,,,yes_mt,yes_mt,yes_mt,,,yes_mt,yes_mt,,yes_mt,yes_mt,yes_mt,yes_mt,yes_mt,,,,,yes_mt,,,,,,,,,,,,,,,,,,,,,,
,SecuEqua,Seculamonas ecuadoriensis,,yes_mt,,,yes_mt,yes_mt,,,yes_mt,yes_mt,,yes_mt,,yes_mt,,,yes_mt,yes_mt,,,,,,yes_mt,,,,yes_mt,yes_mt,,yes_mt,,,,,,,,,,,,,,,,,,,,,,,yes_mt,yes_mt,yes_mt,yes_mt,,,yes_mt,yes_mt,,yes_mt,yes_mt,yes_mt,yes_mt,yes_mt,,,,,yes_mt,,,,,,,,,,,,,,,,,,,,,,
,Chrysochromparva,Chrysochromulina parva,,,,,,,,,,,,,,yes_mt,,,,,,,,,,,,,,,,,,,,,,,,,,,,,,,,,,,,,,,,,,yes_mt,,,,,yes_mt,,,,yes_mt,,yes_mt,,,,,,,,,,,,,,,,,,,,,,,,,,,
,Nuclearia,Nuclearia simplex,,,,,,,,,,,,,,,,,,,,,,,,,,,,,,,,,,,,,,,,,,,,,,,,,,,,,,,,,,,,,,,,yes_mt,yes_mt,,,,,,,,,,,,,,,,,,,,,,,,,,,,,
,Euplotes,Euplotes minuta,,yes_mt,,,,,,,,,,yes_mt,,yes_mt,,,,,,,,,,,,,,,,,,,,,,,,,,,,,,,,,,,,,,,,,,yes_mt,yes_mt,,,,,,,,yes_mt,,,,,,,,,,,,,,,,,,,,,,,,,,,,,
,Nyctotherus,Nyctotherus ovalis,,yes_mt,,,,yes_mt,,,,,,yes_mt,,,,,,,,,,,,,,,,,,,,,,,,,,,,,,,,,,,,,,,,,,,,,yes_mt,,,,yes_mt,,,,yes_mt,,yes_mt,,,,,,,,,,,,,,,,,,,,,,,,,,,
,Tmalaccensis,Tetrahymena malaccensis,,yes_mt,,,,yes_mt,,,yes_mt,,,yes_mt,,yes_mt,,,,,,,,,,,,,,,,,,,,,,,,,,,,,,,,,,,,,,,,,yes_mt,yes_mt,yes_mt,,,yes_mt,,,yes_mt,,yes_mt,yes_mt,yes_mt,,,,,yes_mt,,,,,,,,,,,,,,,,,,,,,,
,Tparavorax,Tetrahymena paravorax,,yes_mt,,,,yes_mt,,,,,,yes_mt,,yes_mt,,,,,,,,,,,,,,,,,,,,,,,,,,,,,,,,,,,,,,,,,yes_mt,yes_mt,yes_mt,,,yes_mt,,,yes_mt,,yes_mt,yes_mt,yes_mt,,,,,yes_mt,,,,,,,,,,,,,,,,,,,,,,
,Tpigmentosa,Tetrahymena pigmentosa,,yes_mt,,,,yes_mt,,,,,,yes_mt,,yes_mt,,,,,,,,,,,,,,,,,,,,,,,,,,,,,,,,,,,,,,,,,yes_mt,yes_mt,yes_mt,,,yes_mt,,,yes_mt,,yes_mt,yes_mt,yes_mt,,,,,yes_mt,,,,,,,,,,,,,,,,,,,,,,
,Acavperu,Acavomonas peruviana,,yes_mt,,,,yes_mt,,,,,,yes_mt,,yes_mt,,,,,,,,,,,,,,,yes_mt,,,,,,,,,,,,,,,,,,,,,,,,,,,yes_mt,,,,,,,yes_mt,yes_mt,yes_mt,yes_mt,yes_mt,,,,,yes_mt,,,,,,,,,,,,,,,,,,,,,,
,Colpviet,Colponema vietnamica,,,,,,yes_mt,,,,,,yes_mt,,yes_mt,,,,,,,,,,,,,,,yes_mt,,,,,,,,,,,,,,,,,,,,,,,,,,,,,,,,,,,,,,yes_mt,,,,,yes_mt,,,,,,,,,,,,,,,,,,,,,,
,Paracercomonas,Paracercomonas marina,,,,,,,,,,,,,,,,,,,,,,,,,,,,,,,,,,,,,,,,,,,,,,,,,,,,,,,,yes_mt,yes_mt,,,,yes_mt,,,,yes_mt,,,,,,,,,,,,,,,,,,,,,,,,,,,,,
,BlastDMP,Blastocystis sp. DMP,,yes_mt,,,,yes_mt,,,,,,yes_mt,,yes_mt,,,,,,,,,,,,,,,,,,,,,,,,,,,,,,,,,,,,,,,,,,,yes_mt,,,,,,yes_mt,,yes_mt,yes_mt,yes_mt,,,,,yes_mt,,,,,,,,,,,,,,,,,,,,,,
,BlastST4,Blastocystis sp. ST4,,yes_mt,,,,yes_mt,,,,,,yes_mt,,yes_mt,,,,,,,,,,,,,,,,,,,,,,,,,,,,,,,,,,,,,,,,,,yes_mt,yes_mt,,,yes_mt,yes_mt,,yes_mt,yes_mt,yes_mt,yes_mt,yes_mt,,,,,yes_mt,,,,,,,,,,,,,,,,,,,,,,
,Sargassum,Sargassum fluitans,,yes_mt,,,yes_mt,yes_mt,,,,,,yes_mt,,yes_mt,,,,,,,,,,,,,,yes_mt,,,,,,,,,,,,,,,,,,,,,,,,,,,yes_mt,yes_mt,yes_mt,,,yes_mt,yes_mt,,yes_mt,yes_mt,yes_mt,yes_mt,yes_mt,,,,,yes_mt,,,,,,,,,,,,,,,,,,,,,,
,Pscubensis,Pseudoperonospora cubensis,,yes_mt,,,yes_mt,yes_mt,,,,,,yes_mt,,yes_mt,,,,,,,,,,,,,,,,,,,,,,,,,,,,,,,,,,,,,,,,,yes_mt,yes_mt,yes_mt,,,yes_mt,yes_mt,,yes_mt,yes_mt,yes_mt,yes_mt,yes_mt,,,,,,,,,,,,,,,,,,,,,,,,,,,
,Pshumuli,Pseudoperonospora humuli,,yes_mt,,,yes_mt,yes_mt,,,,,,yes_mt,,yes_mt,,,,,,,,,,,,,,,,,,,,,,,,,,,,,,,,,,,,,,,,,yes_mt,yes_mt,yes_mt,,,yes_mt,yes_mt,,yes_mt,yes_mt,yes_mt,yes_mt,yes_mt,,,,,yes_mt,,,,,,,,,,,,,,,,,,,,,,
,MN082145,Telonemia sp.,,yes_mt,,,yes_mt,yes_mt,,,yes_mt,,,yes_mt,,yes_mt,,yes_mt,,,,,,,,,,,,yes_mt,yes_mt,,,,,,,,,,,,,,,,,,,,,,,,,yes_mt,yes_mt,yes_mt,yes_mt,,,yes_mt,yes_mt,,yes_mt,yes_mt,yes_mt,yes_mt,yes_mt,,,,,yes_mt,,,,,,,,,,,,,,,,,,,,,,
,,Rhyzophidium sp.,,,,,,,,,,,,,,,,,,,,,,,,,,,,,,,,,,,,,,,,,,,,,,,,,,,,,,,,,,,,,,,,,,,,,,,,,,,,,,,,,,,,,,,,,,,,,,
,Chlorokybus,Chlorokybus atmophyticus,,yes_mt,,,yes_mt,yes_mt,,,,,,yes_mt,,yes_mt,,,,,,,,,,,,,,,,,,,,,,,,,,,,,,,,,,,,,,,,yes_mt,yes_mt,yes_mt,yes_mt,,,yes_mt,yes_mt,,yes_mt,yes_mt,yes_mt,yes_mt,yes_mt,,,,,yes_mt,,,,,,,,,,,,,,,,,,,,,,
,,,,,,,,,,,,,,,,,,,,,,,,,,,,,,,,,,,,,,,,,,,,,,,,,,,,,,,,,,,,,,,,,,,,,,,,,,,,,,,,,,,,,,,,,,,,,,,,
,,,,,,,,,,,,,,,,,,,,,,,,,,,,,,,,,,,,,,,,,,,,,,,,,,,,,,,,,,,,,,,,,,,,,,,,,,,,,,,,,,,,,,,,,,,,,,,,
,,,,,,,,,,,,,,,,,,,,,,,,,,,,,,,,,,,,,,,,,,,,,,,,,,,,,,,,,,,,,,,,,,,,,,,,,,,,,,,,,,,,,,,,,,,,,,,,
,,,,,,,,,,,,,,,,,,,,,,,,,,,,,,,,,,,,,,,,,,,,,,,,,,,,,,,,,,,,,,,,,,,,,,,,,,,,,,,,,,,,,,,,,,,,,,,,
,,,,,,,,,,,,,,,,,,,,,,,,,,,,,,,,,,,,,,,,,,,,,,,,,,,,,,,,,,,,,,,,,,,,,,,,,,,,,,,,,,,,,,,,,,,,,,,,
,,,,,,,,,,,,,,,,,,,,,,,,,,,,,,,,,,,,,,,,,,,,,,,,,,,,,,,,,,,,,,,,,,,,,,,,,,,,,,,,,,,,,,,,,,,,,,,,
,,,,,,,,,,,,,,,,,,,,,,,,,,,,,,,,,,,,,,,,,,,,,,,,,,,,,,,,,,,,,,,,,,,,,,,,,,,,,,,,,,,,,,,,,,,,,,,,
,,,,,,,,,,,,,,,,,,,,,,,,,,,,,,,,,,,,,,,,,,,,,,,,,,,,,,,,,,,,,,,,,,,,,,,,,,,,,,,,,,,,,,,,,,,,,,,,
,,,,,,,,,,,,,,,,,,,,,,,,,,,,,,,,,,,,,,,,,,,,,,,,,,,,,,,,,,,,,,,,,,,,,,,,,,,,,,,,,,,,,,,,,,,,,,,,
,,,,,,,,,,,,,,,,,,,,,,,,,,,,,,,,,,,,,,,,,,,,,,,,,,,,,,,,,,,,,,,,,,,,,,,,,,,,,,,,,,,,,,,,,,,,,,,,
,,,,,,,,,,,,,,,,,,,,,,,,,,,,,,,,,,,,,,,,,,,,,,,,,,,,,,,,,,,,,,,,,,,,,,,,,,,,,,,,,,,,,,,,,,,,,,,,
,,,,,,,,,,,,,,,,,,,,,,,,,,,,,,,,,,,,,,,,,,,,,,,,,,,,,,,,,,,,,,,,,,,,,,,,,,,,,,,,,,,,,,,,,,,,,,,,
,,,,,,,,,,,,,,,,,,,,,,,,,,,,,,,,,,,,,,,,,,,,,,,,,,,,,,,,,,,,,,,,,,,,,,,,,,,,,,,,,,,,,,,,,,,,,,,,
,,,,,,,,,,,,,,,,,,,,,,,,,,,,,,,,,,,,,,,,,,,,,,,,,,,,,,,,,,,,,,,,,,,,,,,,,,,,,,,,,,,,,,,,,,,,,,,,
,,,,,,,,,,,,,,,,,,,,,,,,,,,,,,,,,,,,,,,,,,,,,,,,,,,,,,,,,,,,,,,,,,,,,,,,,,,,,,,,,,,,,,,,,,,,,,,,
,,,,,,,,,,,,,,,,,,,,,,,,,,,,,,,,,,,,,,,,,,,,,,,,,,,,,,,,,,,,,,,,,,,,,,,,,,,,,,,,,,,,,,,,,,,,,,,,
,,,,,,,,,,,,,,,,,,,,,,,,,,,,,,,,,,,,,,,,,,,,,,,,,,,,,,,,,,,,,,,,,,,,,,,,,,,,,,,,,,,,,,,,,,,,,,,,
,,,,,,,,,,,,,,,,,,,,,,,,,,,,,,,,,,,,,,,,,,,,,,,,,,,,,,,,,,,,,,,,,,,,,,,,,,,,,,,,,,,,,,,,,,,,,,,,
,,,,,,,,,,,,,,,,,,,,,,,,,,,,,,,,,,,,,,,,,,,,,,,,,,,,,,,,,,,,,,,,,,,,,,,,,,,,,,,,,,,,,,,,,,,,,,,,
,,,,,,,,,,,,,,,,,,,,,,,,,,,,,,,,,,,,,,,,,,,,,,,,,,,,,,,,,,,,,,,,,,,,,,,,,,,,,,,,,,,,,,,,,,,,,,,,
,, ,,,,,,,,,,,,,,,,,,,,,,,,,,,,,,,,,,,,,,,,,,,,,,,,,,,,,,,,,,,,,,,,,,,,,,,,,,,,,,,,,,,,,,,,,,,,,,
